mouse,anes,nominal_frequency_hz,metric,recording,trial_id,verdict,reason,max_abs_z,baseline_z,coverage,mean_0_10,peak,auc_0_30
NGexp9,deep,40,respiration_resp_bpm,NGexp9-260607-162633_pupil_anesthesia-260630-162920,stim_11,exclude,auc_0_30 is +7.3 robust SD from this cell's median; pre-stimulus baseline unusually unstable (+9.8 robust SD),7.279938563765936,9.751378400302531,1.0,182.48824503579533,272.8681908931156,5368.3321772319805
NGexp12,light,100,pupil_diameter_mm,NGexp12-260706-140202_pupil_anesthesia-260706-150055,stim_10,exclude,peak is +6.2 robust SD from this cell's median,6.2147441754463095,0.6502008191377171,1.0,22.200007096561414,649.0007948917599,1395.5219848932793
NGexp12,light,40,hrv_sdnn_ms,NGexp12-260706-140202_pupil_anesthesia-260706-150055,stim_00,exclude,peak is +5.5 robust SD from this cell's median,5.467193194427194,0.23655388249669096,0.9985734664764622,7.441738242776725,12.734154585437544,116.54630255778132
NGexp12,deep,100,rr_variability_ms,NGexp12-260706-140202_pupil_anesthesia-260706-153452,stim_08,exclude,only 47% of the trial has data,1.0678302603641399,-0.08794847677143448,0.47360912981455067,,46.154333191098175,76.06453124602147
NGexp13,deep,100,rr_variability_ms,NGexp13-260629-144155_pupil_anesthesia-260629-161150,stim_05,exclude,only 76% of the trial has data,1.0195171541599009,-0.02033133166890456,0.7646219686162625,47.91607488600005,89.00986783369807,823.8437023147123
NGexp13,deep,100,rr_variability_ms,NGexp13-260629-144155_pupil_anesthesia-260706-173532,stim_09,exclude,only 75% of the trial has data,0.888790519497901,0.24981401136796014,0.7475035663338089,121.50294937673384,168.70542993544106,1692.6111471834447
NGexp12,light,40,rr_variability_ms,NGexp12-260706-140202_pupil_anesthesia-260706-150055,stim_01,exclude,only 74% of the trial has data,0.7672736972926665,-0.0879235968068674,0.7360912981455064,0.7114669506893245,41.77073518592011,580.7304284028165
NGexp9,light,100,rr_variability_ms,NGexp9-260607-162633_pupil_anesthesia-260705-130101,stim_09,exclude,only 72% of the trial has data,0.41925429629098626,-0.012925358040960684,0.724679029957204,5.982489069911469,8.65513304546367,88.41980024018878
NGexp12,light,100,rr_variability_ms,NGexp12-260706-140202_pupil_anesthesia-260706-150055,stim_10,exclude,only 80% of the trial has data,0.15756950248598608,-0.12040067203143982,0.7988587731811697,5.259456072531568,10.508445922411424,149.26309866422045
NGexp9,light,100,rr_variability_ms,NGexp9-260607-162633_pupil_anesthesia-260705-130101,stim_08,exclude,only 65% of the trial has data,0.033579750306002625,0.23091465460914354,0.6462196861626248,,33.61420806283533,182.17286129617412
NGexp9,deep,40,hrv_sdnn_ms,NGexp9-260607-162633_pupil_anesthesia-260630-162920,stim_02,inspect,auc_0_30 is -4.6 robust SD from this cell's median,4.571594822290539,0.404341590585351,1.0,-3.402016208290337,-4.00126429889761,-112.17244511392266
NGexp9,deep,40,heart_rate_hr_bpm,NGexp9-260607-162633_pupil_anesthesia-260630-162920,stim_07,inspect,auc_0_30 is +4.0 robust SD from this cell's median; pre-stimulus baseline unusually unstable (+4.6 robust SD),4.019037126167593,4.565397307260859,1.0,5.298469434243826,15.855923389162822,287.1681035623187
NGexp12,light,100,pupil_diameter_mm,NGexp12-260706-140202_pupil_anesthesia-260706-150055,stim_11,inspect,peak is +4.0 robust SD from this cell's median,3.995999839659652,-0.05061101871953535,0.9985734664764622,38.77783134050271,452.5412651076017,1080.1988174921107
NGexp10,light,40,pupil_diameter_mm,NGexp10-260610-112701_pupil_anesthesia-260705-161427,stim_04,inspect,auc_0_30 is +4.0 robust SD from this cell's median,3.9630226423733497,1.082221953908854,0.9985734664764622,154.93175627994063,201.97221229153425,5384.300256658111
NGexp12,light,100,hrv_sdnn_ms,NGexp12-260706-140202_pupil_anesthesia-260706-150055,stim_11,inspect,pre-stimulus baseline unusually unstable (+5.3 robust SD),2.863115872909813,5.316836198753146,0.9985734664764622,0.3198835523283752,-3.6781512714869264,-53.18090191257965
NGexp10,deep,100,heart_rate_hr_bpm,NGexp10-260610-112701_pupil_anesthesia-260705-165436,stim_09,inspect,pre-stimulus baseline unusually unstable (+6.9 robust SD),2.7837784470343148,6.887388617465316,0.9985734664764622,8.39676431557694,9.91829039109842,101.88310806778836
NGexp10,deep,100,hrv_sdnn_ms,NGexp10-260610-112701_pupil_anesthesia-260705-165436,stim_09,inspect,pre-stimulus baseline unusually unstable (+5.6 robust SD),2.1252148265994957,5.564226070260311,0.9985734664764622,1.71438559440047,5.263917006792938,-40.57651279955536
NGexp12,light,100,rr_variability_ms,NGexp12-260706-140202_pupil_anesthesia-260706-150055,stim_11,inspect,pre-stimulus baseline unusually unstable (+9.5 robust SD),1.6808657090249899,9.451190459884403,0.8858773181169758,-18.692458989964805,-49.39438805727816,-716.7536478290555
NGexp12,light,100,pupil_diameter_mm,NGexp12-260706-140202_pupil_anesthesia-260706-150055,stim_04,inspect,pre-stimulus baseline unusually unstable (+8.5 robust SD),0.798920357443112,8.47612010373952,0.9985734664764622,50.3307063248096,169.45469148660385,882.9857998901919
NGexp12,light,100,pupil_diameter_mm,NGexp12-260706-140202_pupil_anesthesia-260706-150055,stim_05,inspect,pre-stimulus baseline unusually unstable (+4.9 robust SD),0.5604330306921982,4.906489474062892,1.0,61.74960700188847,98.7139958477723,1489.6446172274036
NGexp10,light,40,heart_rate_hr_bpm,NGexp10-260610-112701_pupil_anesthesia-260705-161427,stim_04,ok,,3.4846023427081807,1.8641544397215843,0.9985734664764622,8.096002996822282,12.506574100247184,269.55634599144355
NGexp10,deep,40,hrv_sdnn_ms,NGexp10-260610-112701_pupil_anesthesia-260705-165436,stim_10,ok,,3.4207716605042067,3.9050557092336216,0.9985734664764622,-0.7144855884162672,-4.255885970083031,-80.32488039773982
NGexp12,light,40,heart_rate_hr_bpm,NGexp12-260706-140202_pupil_anesthesia-260706-150055,stim_00,ok,,3.4065540999752093,0.9940312017001649,0.9985734664764622,-5.259520687376489,-23.57589290194648,38.542742112139486
NGexp13,light,40,pupil_diameter_mm,NGexp13-260629-144155_pupil_anesthesia-260706-165443,stim_00,ok,,3.273813985564918,-0.06353140620997152,0.9985734664764622,145.92144649983118,209.4042443572624,4629.262111560098
NGexp12,light,40,pupil_diameter_mm,NGexp12-260706-140202_pupil_anesthesia-260706-150055,stim_00,ok,,3.2538634852711685,0.20861256982982979,0.9985734664764622,-45.945896722678064,-62.72577397637106,-1525.0662503634085
NGexp10,light,100,eeg_bsr,NGexp10-260610-112701_pupil_anesthesia-260630-104745,stim_11,ok,,2.8190428656576763,1.409416552739518,1.0,0.6435271860465118,0.76,17.510010899999997
NGexp10,deep,40,heart_rate_hr_bpm,NGexp10-260610-112701_pupil_anesthesia-260705-165436,stim_10,ok,,2.7732649865845564,2.1396845721378157,0.9985734664764622,9.303672269015104,12.200596222126046,245.7718076711518
NGexp9,light,100,eeg_rel_delta,NGexp9-260607-162633_pupil_anesthesia-260705-130101,stim_09,ok,,2.6388218399883963,2.0622211301183864,1.0,0.4723868801122677,0.6250249341859964,8.155720799784305
NGexp13,light,40,eeg_bsr,NGexp13-260629-144155_pupil_anesthesia-260629-152742,stim_00,ok,,2.451715668604702,1.0675938468834105,1.0,0.413174395348837,1.0,17.2199254
NGexp9,light,100,eeg_rel_delta,NGexp9-260607-162633_pupil_anesthesia-260630-152605,stim_10,ok,,2.4087834645116812,-0.00793436210288533,1.0,-0.3201958118380894,-0.7227187929062798,-6.601641080237723
NGexp10,light,40,pupil_diameter_mm,NGexp10-260610-112701_pupil_anesthesia-260705-161427,stim_06,ok,,2.397659186331159,0.07688996047751216,0.9985734664764622,151.41237321027384,205.47742185359232,3643.935932713751
NGexp10,deep,40,eeg_rel_delta,NGexp10-260610-112701_pupil_anesthesia-260630-114842,stim_08,ok,,2.364982971447017,1.5355029144453387,1.0,-0.12652625375478,0.4296588727863959,0.3120878581261472
NGexp10,light,100,pupil_diameter_mm,NGexp10-260610-112701_pupil_anesthesia-260705-161427,stim_01,ok,,2.348422502415258,0.15858997342958644,1.0,93.691337369015,132.95960397763463,1488.2380471517183
NGexp9,deep,40,rr_variability_ms,NGexp9-260607-162633_pupil_anesthesia-260630-162920,stim_01,ok,,2.3155409152293043,0.31779478083244056,0.854493580599144,-4.0666146278041175,108.36265396966805,713.8190016937949
NGexp12,light,100,eeg_rel_delta,NGexp12-260706-140202_pupil_anesthesia-260706-150055,stim_04,ok,,2.2754959786395323,-0.1817916503422394,1.0,0.1696427744742019,0.6032782164088784,3.3186161915569725
NGexp9,deep,40,respiration_resp_bpm,NGexp9-260607-162633_pupil_anesthesia-260630-162920,stim_02,ok,,2.2578343252677473,-0.17895526834290765,1.0,14.84813077730876,-33.16164363204508,251.0140054875021
NGexp12,light,40,eeg_rel_delta,NGexp12-260706-140202_pupil_anesthesia-260706-142109,stim_09,ok,,2.229768618062024,0.034601004331464666,1.0,-0.0713059127731462,0.5811488386813256,3.1188466760448987
NGexp9,light,40,eeg_rel_delta,NGexp9-260607-162633_pupil_anesthesia-260705-130101,stim_03,ok,,2.1934260484520207,0.0,1.0,0.0043347410345819,0.5250682650110248,1.9663398546681057
NGexp12,light,100,eeg_rel_delta,NGexp12-260706-140202_pupil_anesthesia-260706-150055,stim_05,ok,,2.13147614364745,-0.9802785404859948,1.0,-0.0422543958081782,0.5359206719712841,1.476163139765172
NGexp13,deep,40,eeg_bsr,NGexp13-260629-144155_pupil_anesthesia-260706-173532,stim_06,ok,,2.108372538414391,-0.01821653159571412,1.0,0.7566338604651162,1.0,18.2888362
NGexp13,light,40,eeg_bsr,NGexp13-260629-144155_pupil_anesthesia-260629-152742,stim_09,ok,,2.0966376811236977,0.7870767762051852,1.0,0.4786175348837208,0.7566000000000002,9.387005
NGexp10,deep,40,eeg_rel_delta,NGexp10-260610-112701_pupil_anesthesia-260705-165436,stim_08,ok,,2.068762873249159,0.6745,1.0,0.0216483121484954,-0.4793930939000113,1.8835268952980508
NGexp10,light,40,eeg_rel_delta,NGexp10-260610-112701_pupil_anesthesia-260630-104745,stim_09,ok,,2.0646658532651143,0.0,1.0,0.1350522105999973,0.5073165473362053,5.2154183613494425
NGexp12,light,40,eeg_rel_delta,NGexp12-260706-140202_pupil_anesthesia-260706-150055,stim_01,ok,,2.009871318901453,0.5355387747962752,1.0,0.0658936513307364,0.4783036847431235,2.5750413937756864
NGexp9,deep,40,eeg_rel_delta,NGexp9-260607-162633_pupil_anesthesia-260630-162920,stim_07,ok,,2.003714888698659,-0.5183627923481656,1.0,0.1410026157448752,-0.4570039097468453,3.528361393848962
NGexp12,light,40,eeg_rel_delta,NGexp12-260706-140202_pupil_anesthesia-260706-142109,stim_10,ok,,1.9991913957623109,-0.1259709996778325,1.0,-0.1187277447645124,0.4733087241706828,-0.3193310590305838
NGexp13,deep,100,eeg_bsr,NGexp13-260629-144155_pupil_anesthesia-260629-161150,stim_03,ok,,1.9923817660359766,-1.2326811644695648,1.0,0.0413147441860465,0.846,9.1899442
NGexp13,deep,40,eeg_rel_delta,NGexp13-260629-144155_pupil_anesthesia-260706-173532,stim_08,ok,,1.9880656274607482,0.31781121003649454,1.0,-0.5189728362389939,-0.6941388790405046,-9.606415120649835
NGexp13,light,40,heart_rate_hr_bpm,NGexp13-260629-144155_pupil_anesthesia-260706-165443,stim_00,ok,,1.9837756494744916,-0.13026642030515398,0.9985734664764622,-0.2434882061461422,-10.319605135303773,58.96052050862399
NGexp12,light,100,eeg_rel_delta,NGexp12-260706-140202_pupil_anesthesia-260706-150055,stim_11,ok,,1.9579623341379817,-0.00676541755376853,1.0,0.1250041542503676,0.4547689046802519,0.6301644335461183
NGexp10,light,100,eeg_rel_delta,NGexp10-260610-112701_pupil_anesthesia-260705-161427,stim_01,ok,,1.9347375383353798,0.9914912222803168,1.0,-0.0199752456501728,0.5143807886771409,2.467804597282516
NGexp9,deep,100,hrv_sdnn_ms,NGexp9-260607-162633_pupil_anesthesia-260705-150656,stim_00,ok,,1.9128424340200378,0.20603893083290672,1.0,2.4076042698338456,3.008243025986668,23.832212816519487
NGexp9,light,40,eeg_rel_delta,NGexp9-260607-162633_pupil_anesthesia-260705-130101,stim_00,ok,,1.9087222778775452,0.5546312561398913,1.0,-0.5103596825967239,-0.7872028625297993,-10.58442245726506
NGexp13,deep,100,eeg_rel_delta,NGexp13-260629-144155_pupil_anesthesia-260629-161150,stim_04,ok,,1.8957525744954897,1.1387856840756032,1.0,-0.1227836204245843,0.4194696423224175,1.2845820598019078
NGexp13,deep,100,eeg_rel_delta,NGexp13-260629-144155_pupil_anesthesia-260706-173532,stim_09,ok,,1.8956440958013951,1.674225274120209,1.0,0.1265635420528605,0.4194189072381952,3.5080017684852285
NGexp13,deep,40,eeg_bsr,NGexp13-260629-144155_pupil_anesthesia-260706-173532,stim_11,ok,,1.8561226825869452,-0.4403084571797999,1.0,0.6983070465116278,1.0,16.287431599999998
NGexp13,light,40,eeg_rel_delta,NGexp13-260629-144155_pupil_anesthesia-260706-165443,stim_00,ok,,1.8540183744526093,0.0839805506086754,1.0,-0.2696561292628175,0.44030961561996,-1.9113009228234223
NGexp10,deep,40,eeg_bsr,NGexp10-260610-112701_pupil_anesthesia-260630-114842,stim_08,ok,,1.8513130220698486,0.40565302972442985,1.0,0.7027919069767442,0.972698,19.2984876
NGexp10,light,40,eeg_rel_delta,NGexp10-260610-112701_pupil_anesthesia-260705-161427,stim_11,ok,,1.843287419892071,0.12211858453401134,1.0,0.0373604149558348,0.4037786724020369,0.0574542894474952
NGexp12,light,100,eeg_rel_delta,NGexp12-260706-140202_pupil_anesthesia-260706-150055,stim_10,ok,,1.8405705017571754,0.6586193570686595,1.0,0.1150658640822673,0.3998651786300485,-0.547629105867305
NGexp10,deep,40,heart_rate_hr_bpm,NGexp10-260610-112701_pupil_anesthesia-260705-165436,stim_08,ok,,1.831310188176125,-0.6200789952738137,0.9985734664764622,0.7478475961410694,-4.357506470748072,53.05392511756524
NGexp9,light,100,eeg_rel_delta,NGexp9-260607-162633_pupil_anesthesia-260705-130101,stim_06,ok,,1.8244179841486756,-0.20365519400486654,1.0,-0.247110491929017,-0.4494132179241165,-0.2240385445313935
NGexp10,light,40,eeg_rel_delta,NGexp10-260610-112701_pupil_anesthesia-260705-161427,stim_04,ok,,1.8106192154688583,-0.3351591790646596,1.0,0.0284251572872929,0.388499873955601,3.2363956936606733
NGexp10,light,40,eeg_bsr,NGexp10-260610-112701_pupil_anesthesia-260630-104745,stim_09,ok,,1.8004713389845721,1.7576938661850683,1.0,0.2406497209302324,0.734372,12.157881
NGexp9,light,100,eeg_rel_delta,NGexp9-260607-162633_pupil_anesthesia-260705-130101,stim_10,ok,,1.791831981027096,0.30091625673083,1.0,-0.0187466398584997,-0.4341728647225866,-1.6247607803853543
NGexp10,light,100,pupil_diameter_mm,NGexp10-260610-112701_pupil_anesthesia-260705-161427,stim_07,ok,,1.7853050244394526,0.37171297638972906,0.9985734664764622,72.49171946851317,91.45512332150942,2058.0495901109034
NGexp12,light,40,respiration_resp_bpm,NGexp12-260706-140202_pupil_anesthesia-260706-150055,stim_01,ok,,1.7832476599789011,-0.10398699916932,1.0,-16.554518080024472,-52.55697579240505,-210.75049381980787
NGexp12,light,40,hrv_sdnn_ms,NGexp12-260706-140202_pupil_anesthesia-260706-150055,stim_01,ok,,1.781964824020356,0.12405647922865505,1.0,2.2258526091878017,3.416197930338719,64.14590030151587
NGexp13,deep,40,eeg_bsr,NGexp13-260629-144155_pupil_anesthesia-260706-173532,stim_03,ok,,1.7557767327975402,-0.20913979543540512,1.0,0.6751044186046512,1.0,23.005843
NGexp9,deep,40,hrv_sdnn_ms,NGexp9-260607-162633_pupil_anesthesia-260630-162920,stim_07,ok,,1.7501587300156467,0.8541349496868356,1.0,0.6228274376846383,-2.9414647270334173,-31.28430667701772
NGexp10,deep,40,respiration_resp_bpm,NGexp10-260610-112701_pupil_anesthesia-260705-165436,stim_08,ok,,1.7471689316448133,-0.08117326312677624,0.9985734664764622,1.971479071810433,-25.28183562599208,57.901400722876495
NGexp9,light,100,eeg_rel_delta,NGexp9-260607-162633_pupil_anesthesia-260630-152605,stim_04,ok,,1.7446226290365185,0.0,1.0,-0.0475856501769055,-0.4120932253121527,-1.3683766427073571
NGexp13,light,100,eeg_bsr,NGexp13-260629-144155_pupil_anesthesia-260629-152742,stim_02,ok,,1.7388794213892524,0.4375645921081953,1.0,0.396948976744186,0.819592,10.8513958
NGexp10,light,100,eeg_rel_delta,NGexp10-260610-112701_pupil_anesthesia-260705-161427,stim_07,ok,,1.734701259936372,-0.27355062762742005,1.0,-0.1441266873088284,0.4208245607302548,-0.4625746438685025
NGexp13,light,40,eeg_rel_delta,NGexp13-260629-144155_pupil_anesthesia-260706-165443,stim_05,ok,,1.7208557745411133,-0.7337634806938703,1.0,-0.0494163903239502,0.3780299598943629,-0.5001519424420469
NGexp13,deep,40,rr_variability_ms,NGexp13-260629-144155_pupil_anesthesia-260706-173532,stim_08,ok,,1.7047636645648148,0.32948758810713996,0.9985734664764622,159.15916770019956,215.8008181045548,1842.5436810430351
NGexp12,light,40,heart_rate_hr_bpm,NGexp12-260706-140202_pupil_anesthesia-260706-150055,stim_01,ok,,1.702134803387439,0.07615205966952367,1.0,0.5947293760108154,-12.071090537844237,-93.01856957109212
NGexp13,light,40,eeg_bsr,NGexp13-260629-144155_pupil_anesthesia-260629-152742,stim_05,ok,,1.6985486152093374,2.7327827643537845,1.0,0.2520564418604651,0.6928,9.6281098
NGexp13,light,100,eeg_bsr,NGexp13-260629-144155_pupil_anesthesia-260629-152742,stim_03,ok,,1.6975679289418955,0.5454449941255026,1.0,0.3646607209302325,0.806,11.954251
NGexp9,deep,100,eeg_rel_delta,NGexp9-260607-162633_pupil_anesthesia-260705-150656,stim_07,ok,,1.696275526010818,-1.6459571014049745,1.0,-0.4872300775413614,-0.8369618239464477,-8.925209222810839
NGexp10,light,100,eeg_bsr,NGexp10-260610-112701_pupil_anesthesia-260630-104745,stim_04,ok,,1.6637154591444299,2.2870505100503187,1.0,0.2390930232558139,0.66,11.962282599999998
NGexp9,deep,40,hrv_sdnn_ms,NGexp9-260607-162633_pupil_anesthesia-260705-150656,stim_02,ok,,1.6596460104159783,0.9052893841283919,0.9985734664764622,-0.8110546497004253,-1.6927109047263644,-38.87707392559684
NGexp13,light,100,eeg_bsr,NGexp13-260629-144155_pupil_anesthesia-260629-152742,stim_07,ok,,1.6471250596143856,0.34952969999275607,1.0,0.3760034186046512,0.6934,12.022649
NGexp13,deep,40,respiration_resp_bpm,NGexp13-260629-144155_pupil_anesthesia-260706-173532,stim_08,ok,,1.640925689800821,0.07239819883146983,0.9985734664764622,75.555994760019,112.72504180608829,1793.3245635398237
NGexp13,light,40,hrv_sdnn_ms,NGexp13-260629-144155_pupil_anesthesia-260706-165443,stim_00,ok,,1.6230261210672987,-0.006048334913421757,0.9985734664764622,2.209077781310304,3.477994852272801,35.139407955616974
NGexp12,light,100,heart_rate_hr_bpm,NGexp12-260706-140202_pupil_anesthesia-260706-142109,stim_04,ok,,1.612684956674225,0.05123151944407243,0.9985734664764622,0.4721039215890054,3.488174364158341,60.37203179138247
NGexp9,light,100,heart_rate_hr_bpm,NGexp9-260607-162633_pupil_anesthesia-260705-130101,stim_01,ok,,1.6115060167475932,-0.08240272741543497,1.0,-1.3098860041476226,-4.121949702686134,-57.49592140995127
NGexp9,light,100,heart_rate_hr_bpm,NGexp9-260607-162633_pupil_anesthesia-260630-152605,stim_10,ok,,1.5864876376637558,-0.1874832826765479,0.9985734664764622,0.4490898711721514,-6.546258722893872,-32.81339920709715
NGexp9,deep,40,eeg_rel_delta,NGexp9-260607-162633_pupil_anesthesia-260705-150656,stim_11,ok,,1.5652849511171931,-0.16902691696416242,1.0,-0.4711809980013164,-0.8555352917259478,-9.33911631011913
NGexp10,light,40,eeg_bsr,NGexp10-260610-112701_pupil_anesthesia-260630-104745,stim_06,ok,,1.5450712143546832,1.0527053354830678,1.0,0.0903353720930232,0.6302,7.085894
NGexp10,light,40,eeg_rel_delta,NGexp10-260610-112701_pupil_anesthesia-260705-161427,stim_06,ok,,1.5026345461630748,0.5619311919732444,1.0,-0.2841438838281684,-0.5669693125260845,-5.655390051996849
NGexp9,light,100,pupil_diameter_mm,NGexp9-260607-162633_pupil_anesthesia-260705-130101,stim_06,ok,,1.5013855028801841,0.3559394903701285,1.0,63.40207933577942,80.4595574675982,1596.351003650724
NGexp9,deep,40,eeg_bsr,NGexp9-260607-162633_pupil_anesthesia-260630-162920,stim_01,ok,,1.501249969368283,-0.4581720434758461,1.0,0.454082023255814,0.7196000000000001,12.0578872
NGexp12,light,100,heart_rate_hr_bpm,NGexp12-260706-140202_pupil_anesthesia-260706-142109,stim_06,ok,,1.4862181814389026,-0.07986631907965883,0.9985734664764622,0.0568099297044175,2.68429693590742,42.24480531152668
NGexp13,deep,40,heart_rate_hr_bpm,NGexp13-260629-144155_pupil_anesthesia-260629-161150,stim_11,ok,,1.481276530748492,1.134495948571879,1.0,3.4736291211728783,6.401112167867725,24.406202799383458
NGexp10,deep,40,heart_rate_hr_bpm,NGexp10-260610-112701_pupil_anesthesia-260705-165436,stim_11,ok,,1.471660788548347,0.0819894822800888,1.0,6.492280679504405,9.384718883375664,223.2625030878356
NGexp13,light,100,eeg_bsr,NGexp13-260629-144155_pupil_anesthesia-260629-152742,stim_11,ok,,1.4690680286279372,1.0119808778291886,1.0,0.324116511627907,0.7128,10.7251324
NGexp13,deep,100,eeg_bsr,NGexp13-260629-144155_pupil_anesthesia-260706-173532,stim_02,ok,,1.4546774544312553,0.06041057290428547,1.0,0.6526365813953489,1.0,25.2945576
NGexp12,light,40,heart_rate_hr_bpm,NGexp12-260706-140202_pupil_anesthesia-260706-150055,stim_07,ok,,1.439298000455821,-0.019386691753506595,0.9985734664764622,0.7530286486572625,7.226435353283718,15.919403033794222
NGexp13,deep,100,eeg_rel_delta,NGexp13-260629-144155_pupil_anesthesia-260629-161150,stim_03,ok,,1.4366897981915014,0.0,1.0,-0.298898457652057,-0.6253856524717102,-4.556960512422016
NGexp9,light,40,eeg_rel_delta,NGexp9-260607-162633_pupil_anesthesia-260705-130101,stim_07,ok,,1.3867573359077223,-0.3963739109453436,1.0,-0.317003273435834,-0.5157424265465524,-9.614682196422454
NGexp9,light,100,hrv_sdnn_ms,NGexp9-260607-162633_pupil_anesthesia-260705-130101,stim_11,ok,,1.3848852017844013,0.7562252104981844,1.0,-0.1482699325531445,-1.2350708221440985,-18.17283030809552
NGexp12,light,100,eeg_bsr,NGexp12-260706-140202_pupil_anesthesia-260706-142109,stim_03,ok,,1.37768658014648,2.2475390281781737,1.0,0.1655863023255813,0.732,11.2827642
NGexp12,light,40,eeg_rel_delta,NGexp12-260706-140202_pupil_anesthesia-260706-142109,stim_11,ok,,1.370758295948058,-0.034601004331464666,1.0,-0.3523879644421069,-0.5167756931098931,-4.446661800267826
NGexp12,deep,100,hrv_sdnn_ms,NGexp12-260706-140202_pupil_anesthesia-260706-153452,stim_05,ok,,1.3686564154095266,1.6755889029757915,0.9985734664764622,0.7426615647456997,-1.6420070072000554,-13.154670985602497
NGexp12,light,100,respiration_resp_bpm,NGexp12-260706-140202_pupil_anesthesia-260706-150055,stim_08,ok,,1.359915361418425,0.012952867493964525,0.9985734664764622,1.1293520187731296,-33.550921815001125,-110.02921472211972
NGexp10,light,40,rr_variability_ms,NGexp10-260610-112701_pupil_anesthesia-260630-104745,stim_09,ok,,1.3594086459474355,-0.1642583375224812,1.0,70.02729652477316,88.29208845097969,927.0278660159132
NGexp13,light,100,heart_rate_hr_bpm,NGexp13-260629-144155_pupil_anesthesia-260629-152742,stim_03,ok,,1.3561747999298635,0.47939678838622857,1.0,3.705892488186976,5.248917669471267,102.384793799514
NGexp13,deep,40,rr_variability_ms,NGexp13-260629-144155_pupil_anesthesia-260629-161150,stim_01,ok,,1.3560991238554387,0.7131571304780584,0.8873038516405135,34.95762949690643,73.46882916000555,390.4486502152776
NGexp12,light,100,rr_variability_ms,NGexp12-260706-140202_pupil_anesthesia-260706-150055,stim_08,ok,,1.3504150897473808,0.14847178588532903,0.9985734664764622,19.67787099116629,62.53912208193446,886.2268548526181
NGexp13,deep,40,rr_variability_ms,NGexp13-260629-144155_pupil_anesthesia-260629-161150,stim_11,ok,,1.3412029442680777,-0.12176044273523784,0.8873038516405135,35.56207619902652,79.17449422718676,755.0921049648509
NGexp9,light,100,eeg_rel_delta,NGexp9-260607-162633_pupil_anesthesia-260630-152605,stim_11,ok,,1.3409021491912674,1.1573518390399637,1.0,0.044168159997437,0.5932508207378071,4.989423360410507
NGexp9,deep,40,pupil_diameter_mm,NGexp9-260607-162633_pupil_anesthesia-260630-162920,stim_01,ok,,1.3385825507286881,-0.10067912352670193,0.9985734664764622,-3.444599369999165,-42.168798743907786,-641.362034564076
NGexp13,deep,40,heart_rate_hr_bpm,NGexp13-260629-144155_pupil_anesthesia-260629-161150,stim_08,ok,,1.3321254442133765,0.647608041477897,0.9985734664764622,3.151471194144172,7.562776821081433,36.41008470661515
NGexp9,deep,100,rr_variability_ms,NGexp9-260607-162633_pupil_anesthesia-260705-150656,stim_07,ok,,1.3271774993237602,-0.061494476252405596,0.9843081312410842,127.2122565506806,177.51198369325795,1752.3157568194902
NGexp12,light,40,pupil_diameter_mm,NGexp12-260706-140202_pupil_anesthesia-260706-142109,stim_11,ok,,1.3211478810565065,0.322634326464122,1.0,110.4676392205087,141.34046331925586,3157.025421081893
NGexp12,deep,100,respiration_resp_bpm,NGexp12-260706-140202_pupil_anesthesia-260706-153452,stim_08,ok,,1.3210322149375764,0.15119541662919683,0.9985734664764622,40.74546218334838,89.09014135991585,1097.380565288998
NGexp12,deep,100,pupil_diameter_mm,NGexp12-260706-140202_pupil_anesthesia-260706-153452,stim_04,ok,,1.3199059917306986,-0.05704126297599341,1.0,64.86316895651002,126.00910002882726,1169.721842304484
NGexp12,light,40,respiration_resp_bpm,NGexp12-260706-140202_pupil_anesthesia-260706-150055,stim_00,ok,,1.315587844577688,0.2108407302406793,0.9985734664764622,28.85619661850468,51.09571250391728,822.9894330302751
NGexp12,light,100,hrv_sdnn_ms,NGexp12-260706-140202_pupil_anesthesia-260706-142109,stim_04,ok,,1.3031006232122275,-0.03591716540629512,0.9985734664764622,0.1143550755522685,0.6608540240742028,6.957433283591658
NGexp9,deep,100,heart_rate_hr_bpm,NGexp9-260607-162633_pupil_anesthesia-260705-150656,stim_01,ok,,1.3013354839946154,0.1481211907711917,0.9985734664764622,1.0677734979823346,5.813464897408893,34.62282695942346
NGexp10,light,40,hrv_sdnn_ms,NGexp10-260610-112701_pupil_anesthesia-260705-161427,stim_04,ok,,1.2960490271585474,0.2205274680201605,0.9985734664764622,1.5592676162527672,2.606017837324304,1.115778671496109
NGexp12,light,40,pupil_diameter_mm,NGexp12-260706-140202_pupil_anesthesia-260706-142109,stim_10,ok,,1.2926622772458756,0.007421072764845651,0.9985734664764622,109.21950873268226,142.4350378654406,3125.900452624764
NGexp9,deep,40,eeg_rel_delta,NGexp9-260607-162633_pupil_anesthesia-260705-150656,stim_09,ok,,1.2893124106172433,-1.0362302507204324,1.0,-0.4022769718857216,-0.7640003162016873,-8.344139938258671
NGexp9,light,40,heart_rate_hr_bpm,NGexp9-260607-162633_pupil_anesthesia-260705-130101,stim_04,ok,,1.281285684316883,1.134014989657558,0.9985734664764622,4.828787346420036,6.595985412470254,105.32936921059076
NGexp9,light,40,pupil_diameter_mm,NGexp9-260607-162633_pupil_anesthesia-260630-152605,stim_00,ok,,1.2778227467160463,0.11531212235917374,1.0,21.39017730710206,31.77795172103244,586.6949241458938
NGexp10,deep,100,eeg_bsr,NGexp10-260610-112701_pupil_anesthesia-260630-114842,stim_02,ok,,1.2755324708573872,0.02029829580739718,1.0,0.5403091162790695,0.8024,16.804040399999998
NGexp9,deep,40,eeg_rel_delta,NGexp9-260607-162633_pupil_anesthesia-260705-150656,stim_10,ok,,1.2697727737548354,-0.00976327607560597,1.0,-0.5393518677808897,-0.7755858326976545,-5.202290854356116
NGexp9,deep,100,eeg_rel_delta,NGexp9-260607-162633_pupil_anesthesia-260630-162920,stim_04,ok,,1.2626845724120428,1.9246266259353961,1.0,0.0178563450888789,-0.5516672526841339,0.2983401078921776
NGexp9,light,40,eeg_rel_delta,NGexp9-260607-162633_pupil_anesthesia-260705-130101,stim_04,ok,,1.262629892870435,0.4583186951601575,1.0,0.1215167500407924,-0.5007889895630169,-0.0117280588807842
NGexp10,deep,100,eeg_rel_delta,NGexp10-260610-112701_pupil_anesthesia-260705-165436,stim_01,ok,,1.2585814806116267,-1.7523023807313438,1.0,-0.3479885323703312,-0.8100206417331124,-7.695402472171652
NGexp9,light,100,respiration_resp_bpm,NGexp9-260607-162633_pupil_anesthesia-260705-130101,stim_09,ok,,1.256161826443416,-0.10847170249089293,0.9985734664764622,3.114826772501304,-25.58827092717121,-62.99284263074959
NGexp10,light,40,heart_rate_hr_bpm,NGexp10-260610-112701_pupil_anesthesia-260705-161427,stim_05,ok,,1.2373101166825031,0.45822447025324364,0.9985734664764622,2.524426736045989,5.69592881937397,115.53430830107096
NGexp13,deep,100,hrv_sdnn_ms,NGexp13-260629-144155_pupil_anesthesia-260706-173532,stim_07,ok,,1.2303931735522953,1.2908323766497156,1.0,-0.775293419876732,-1.1408333285884114,-28.295253716826068
NGexp13,light,100,pupil_diameter_mm,NGexp13-260629-144155_pupil_anesthesia-260706-165443,stim_10,ok,,1.2296445910834208,0.4593244133358094,1.0,2.911360017276901,9.290633909106145,35.65720733415086
NGexp9,light,100,heart_rate_hr_bpm,NGexp9-260607-162633_pupil_anesthesia-260630-152605,stim_11,ok,,1.2283224506449852,-0.28565992120357997,0.9985734664764622,-0.4822311328703706,-2.3363228199470014,-33.17428819843849
NGexp10,light,40,respiration_resp_bpm,NGexp10-260610-112701_pupil_anesthesia-260630-104745,stim_09,ok,,1.2236765361586395,-0.05769757366618936,1.0,5.470804233235079,-29.50533391932739,190.82914725567608
NGexp10,deep,100,heart_rate_hr_bpm,NGexp10-260610-112701_pupil_anesthesia-260705-165436,stim_07,ok,,1.221860318126032,0.283291963539614,0.9985734664764622,3.700804233811825,8.210131789578238,188.91737193295887
NGexp12,deep,100,rr_variability_ms,NGexp12-260706-140202_pupil_anesthesia-260706-153452,stim_05,ok,,1.2194576359415934,0.0,0.9985734664764622,34.497157924304474,124.9021976407537,640.7469876619471
NGexp12,light,40,pupil_diameter_mm,NGexp12-260706-140202_pupil_anesthesia-260706-150055,stim_02,ok,,1.2094552710281727,-0.007421072764845651,0.9985734664764622,57.32267650364834,233.25112569146808,1235.2928518562178
NGexp13,light,100,heart_rate_hr_bpm,NGexp13-260629-144155_pupil_anesthesia-260706-165443,stim_01,ok,,1.2083950768241032,0.042052483655825514,0.9985734664764622,1.4311475043240447,5.190315209247971,99.71884555760492
NGexp13,deep,100,eeg_bsr,NGexp13-260629-144155_pupil_anesthesia-260706-173532,stim_01,ok,,1.2036501454673207,-0.04081203713270459,1.0,0.6986295813953489,1.0,23.3958442
NGexp9,light,40,heart_rate_hr_bpm,NGexp9-260607-162633_pupil_anesthesia-260705-130101,stim_05,ok,,1.189716653047274,0.0,0.9985734664764622,0.9920126910412244,-2.6288937013065907,4.5604173520479625
NGexp9,deep,100,hrv_sdnn_ms,NGexp9-260607-162633_pupil_anesthesia-260705-150656,stim_07,ok,,1.1892435381818913,0.0,0.9985734664764622,0.3312645520284417,3.7616451514095126,37.6513606971704
NGexp13,deep,40,heart_rate_hr_bpm,NGexp13-260629-144155_pupil_anesthesia-260706-173532,stim_08,ok,,1.1852851137409186,-0.35579741321209885,0.9985734664764622,0.3742951177751807,-7.616715540646498,-38.75680918790531
NGexp10,deep,100,eeg_rel_delta,NGexp10-260610-112701_pupil_anesthesia-260705-165436,stim_09,ok,,1.1810624953314517,0.04972921857184274,1.0,-0.0013261246768977,-0.553651051510959,-1.34925245737905
NGexp10,deep,100,eeg_bsr,NGexp10-260610-112701_pupil_anesthesia-260630-114842,stim_11,ok,,1.1810416528747492,0.5100856553444766,1.0,0.51873888372093,0.8136,16.545107899999998
NGexp10,deep,100,eeg_bsr,NGexp10-260610-112701_pupil_anesthesia-260630-114842,stim_10,ok,,1.1741849764641914,-0.10804505143750014,1.0,0.5171736511627907,0.8996,14.7249936
NGexp9,light,40,pupil_diameter_mm,NGexp9-260607-162633_pupil_anesthesia-260630-152605,stim_08,ok,,1.1716928583969923,-0.04573675875184981,0.9985734664764622,24.868987228667145,32.93846253258159,483.40503057296814
NGexp9,deep,100,eeg_rel_delta,NGexp9-260607-162633_pupil_anesthesia-260630-162920,stim_05,ok,,1.166088460004512,0.614918559499027,1.0,-0.0644587718935636,-0.595760985152,-0.0499222564900048
NGexp13,light,100,eeg_rel_delta,NGexp13-260629-144155_pupil_anesthesia-260629-152742,stim_02,ok,,1.1509313760231328,2.0203704093367234,1.0,-0.3828086665935787,-0.5584408177201421,-5.629716500354516
NGexp10,deep,100,rr_variability_ms,NGexp10-260610-112701_pupil_anesthesia-260705-165436,stim_09,ok,,1.1469964099807475,0.05989031957540475,0.9985734664764622,16.889302825881238,35.19539180582422,275.58508577031984
NGexp9,deep,40,eeg_rel_delta,NGexp9-260607-162633_pupil_anesthesia-260630-162920,stim_02,ok,,1.1463238329919823,0.32676290217971976,1.0,-0.0354213816795166,-0.6180210126592552,0.4371703632949894
NGexp9,deep,100,eeg_rel_delta,NGexp9-260607-162633_pupil_anesthesia-260705-150656,stim_03,ok,,1.1436402845753293,0.0,1.0,-0.3853890172495836,-0.6949921135394527,-5.747379427284339
NGexp13,deep,100,heart_rate_hr_bpm,NGexp13-260629-144155_pupil_anesthesia-260629-161150,stim_03,ok,,1.1434991526394123,0.4065430437323247,1.0,2.57262936910754,5.902520358556215,67.88736830404389
NGexp10,light,100,eeg_bsr,NGexp10-260610-112701_pupil_anesthesia-260630-104745,stim_01,ok,,1.1390670996337444,2.216198711680452,1.0,0.1034543488372092,0.4646,6.1114098
NGexp12,light,100,hrv_sdnn_ms,NGexp12-260706-140202_pupil_anesthesia-260706-142109,stim_06,ok,,1.1342290760439575,-0.10223872561791714,0.9985734664764622,0.3072436563176797,0.896645516911358,8.595777569218276
NGexp9,deep,100,respiration_resp_bpm,NGexp9-260607-162633_pupil_anesthesia-260705-150656,stim_07,ok,,1.1245890228026238,-0.05779663636493576,0.9985734664764622,47.32428533795087,71.97751003418213,992.5976770896744
NGexp9,deep,40,rr_variability_ms,NGexp9-260607-162633_pupil_anesthesia-260705-150656,stim_11,ok,,1.124348291165184,0.031771886274854756,0.9985734664764622,132.92326864377756,185.5057400689407,1481.019613996437
NGexp13,light,40,heart_rate_hr_bpm,NGexp13-260629-144155_pupil_anesthesia-260629-152742,stim_05,ok,,1.1217430500388628,0.19113497294870158,1.0,0.2768611193950788,-4.8401537314601,-55.673370426461645
NGexp9,light,40,pupil_diameter_mm,NGexp9-260607-162633_pupil_anesthesia-260705-130101,stim_07,ok,,1.1191180114401393,-0.00398512329324322,1.0,64.12347113347427,80.73519559863695,2016.3132716635985
NGexp9,deep,40,respiration_resp_bpm,NGexp9-260607-162633_pupil_anesthesia-260705-150656,stim_05,ok,,1.1171911012853277,-0.13491877448558331,0.9985734664764622,54.557144581736175,64.8580490434271,1332.773970207153
NGexp12,light,100,pupil_diameter_mm,NGexp12-260706-140202_pupil_anesthesia-260706-150055,stim_08,ok,,1.109311316182589,-0.14403704916639049,0.9985734664764622,13.729484255152428,51.16157647228597,-46.37347739139308
NGexp10,light,40,rr_variability_ms,NGexp10-260610-112701_pupil_anesthesia-260705-161427,stim_04,ok,,1.1014878197165892,1.4291670544229542,0.9971469329529244,-3.0746827603028266,-17.800940705817617,-323.5355315565501
NGexp12,deep,100,respiration_resp_bpm,NGexp12-260706-140202_pupil_anesthesia-260706-153452,stim_05,ok,,1.0980136501754887,0.0,0.9985734664764622,14.724195150415106,-43.01460997804046,-15.57672836014629
NGexp13,light,100,pupil_diameter_mm,NGexp13-260629-144155_pupil_anesthesia-260706-165443,stim_07,ok,,1.09741279663512,-0.08695965799046268,1.0,7.245758985927444,11.891389739516525,189.0160920751839
NGexp13,deep,40,rr_variability_ms,NGexp13-260629-144155_pupil_anesthesia-260629-161150,stim_08,ok,,1.0858781430717306,0.053525261288411695,0.8873038516405135,45.92246646872663,92.28541892865196,858.7307262523282
NGexp9,deep,100,heart_rate_hr_bpm,NGexp9-260607-162633_pupil_anesthesia-260705-150656,stim_07,ok,,1.0820953834788902,0.09535902727896672,0.9985734664764622,0.7015786168151298,-10.129677877422614,12.528708725853855
NGexp13,light,40,pupil_diameter_mm,NGexp13-260629-144155_pupil_anesthesia-260629-152742,stim_09,ok,,1.0786868948936503,0.24368050100228109,1.0,73.96782416899039,99.8664725981914,1895.4908151544785
NGexp10,deep,100,hrv_sdnn_ms,NGexp10-260610-112701_pupil_anesthesia-260705-165436,stim_01,ok,,1.0725306829072898,0.008320899113849086,0.9985734664764622,-0.5671351952404122,-0.975543343825807,-11.669056099602813
NGexp13,light,100,heart_rate_hr_bpm,NGexp13-260629-144155_pupil_anesthesia-260629-152742,stim_11,ok,,1.0714821336082634,0.3423430707869113,0.9985734664764622,-0.1365326052227114,-4.828765463362677,-60.27562584885839
NGexp9,deep,100,rr_variability_ms,NGexp9-260607-162633_pupil_anesthesia-260705-150656,stim_03,ok,,1.0659914159696802,-0.08904304016315817,0.9985734664764622,120.15049461116804,162.20842138854906,1581.8468959685738
NGexp13,deep,100,pupil_diameter_mm,NGexp13-260629-144155_pupil_anesthesia-260706-173532,stim_01,ok,,1.0624335447096824,-0.02250082198159827,1.0,57.98866714554505,76.92321756218338,1989.8268709886088
NGexp9,deep,100,respiration_resp_bpm,NGexp9-260607-162633_pupil_anesthesia-260705-150656,stim_03,ok,,1.0539401903546464,0.06070817015563148,0.9985734664764622,46.91008773480795,67.74653040810725,947.0162104270892
NGexp13,deep,100,respiration_resp_bpm,NGexp13-260629-144155_pupil_anesthesia-260706-173532,stim_10,ok,,1.0313503744201198,0.28917317484630306,1.0,48.62486756382127,73.74990160686062,1280.946397489357
NGexp10,deep,100,eeg_rel_delta,NGexp10-260610-112701_pupil_anesthesia-260705-165436,stim_05,ok,,1.0249270271061,-0.17611792222901584,1.0,-0.4078516140286625,-0.6762560091113745,-6.392830671879189
NGexp10,deep,40,eeg_bsr,NGexp10-260610-112701_pupil_anesthesia-260630-114842,stim_00,ok,,1.0184584503081902,-1.0294670244607278,1.0,0.5126690232558139,0.7384,16.637284599999997
NGexp13,light,40,pupil_diameter_mm,NGexp13-260629-144155_pupil_anesthesia-260706-165443,stim_11,ok,,1.0135826417511251,0.22853929131411224,1.0,14.17165892317323,24.887293879055026,449.6464818428224
NGexp13,deep,100,eeg_bsr,NGexp13-260629-144155_pupil_anesthesia-260629-161150,stim_05,ok,,1.0052652696845679,0.6547100277030428,1.0,0.2666523255813953,0.7704,10.18099
NGexp13,deep,40,eeg_rel_delta,NGexp13-260629-144155_pupil_anesthesia-260706-173532,stim_04,ok,,0.9996566335043663,-1.0439672937506537,1.0,-0.2644378917847864,-0.7198836518541389,-6.566050097916536
NGexp9,light,100,heart_rate_hr_bpm,NGexp9-260607-162633_pupil_anesthesia-260705-130101,stim_11,ok,,0.9936779964236948,0.4626313366082818,1.0,2.1708760191814047,5.340563770204923,84.38024033212754
NGexp9,deep,100,hrv_sdnn_ms,NGexp9-260607-162633_pupil_anesthesia-260705-150656,stim_01,ok,,0.9924327066924528,0.0741202515594043,0.9985734664764622,1.4085239276603578,1.5341522508916716,16.340254703224623
NGexp9,deep,40,hrv_sdnn_ms,NGexp9-260607-162633_pupil_anesthesia-260705-150656,stim_11,ok,,0.9923530757236242,-0.13086937193738665,0.9985734664764622,0.338389922633929,1.8044976444609704,27.875218084842665
NGexp13,deep,40,hrv_sdnn_ms,NGexp13-260629-144155_pupil_anesthesia-260706-173532,stim_06,ok,,0.9869980560857611,-0.010396580579745244,1.0,-0.1627210355227464,-0.2781231479384236,-5.123647352450887
NGexp13,deep,100,eeg_rel_delta,NGexp13-260629-144155_pupil_anesthesia-260629-161150,stim_05,ok,,0.9854430675975477,0.6318633321158127,1.0,-0.2157415359589786,-0.5443024553259805,-2.103102955215751
NGexp13,light,100,respiration_resp_bpm,NGexp13-260629-144155_pupil_anesthesia-260629-152742,stim_02,ok,,0.9809988944918051,0.10931793708224403,1.0,36.98922925413275,59.61158693260559,710.1551492959361
NGexp9,deep,40,respiration_resp_bpm,NGexp9-260607-162633_pupil_anesthesia-260705-150656,stim_11,ok,,0.972494113309187,0.011731635126013808,0.9985734664764622,51.17052300429052,80.5869620954694,1150.4402954892648
NGexp13,light,100,rr_variability_ms,NGexp13-260629-144155_pupil_anesthesia-260629-152742,stim_03,ok,,0.9706768011670962,-0.021293410838364245,1.0,66.96370232453236,93.78298810659167,836.6299416555471
NGexp10,light,40,eeg_rel_delta,NGexp10-260610-112701_pupil_anesthesia-260705-161427,stim_08,ok,,0.9669516473432215,-0.05905490144986663,1.0,-0.185426845344919,-0.4583200399278634,-1.983253498469908
NGexp13,deep,40,respiration_resp_bpm,NGexp13-260629-144155_pupil_anesthesia-260706-173532,stim_06,ok,,0.965751985390269,-0.01252437208653357,1.0,50.99610761454523,84.59765373284858,1357.7135756058688
NGexp13,deep,40,hrv_sdnn_ms,NGexp13-260629-144155_pupil_anesthesia-260706-173532,stim_00,ok,,0.9639153146229771,-0.10416101182801285,1.0,0.0020157812822389,-0.2330839633902955,-2.0168805875925897
NGexp13,light,40,respiration_resp_bpm,NGexp13-260629-144155_pupil_anesthesia-260706-165443,stim_00,ok,,0.961694477521125,0.0,0.9985734664764622,37.67559647531832,54.93615730531928,1132.4462537534505
NGexp10,deep,40,rr_variability_ms,NGexp10-260610-112701_pupil_anesthesia-260705-165436,stim_00,ok,,0.9600713868331437,0.0,1.0,80.81303635223956,127.53323410282894,1145.464730452116
NGexp10,light,100,eeg_rel_delta,NGexp10-260610-112701_pupil_anesthesia-260630-104745,stim_04,ok,,0.9583293794405596,-0.08348944654579296,1.0,0.1016898947870093,-0.4316277292703781,-1.1442974664882954
NGexp13,light,100,rr_variability_ms,NGexp13-260629-144155_pupil_anesthesia-260629-152742,stim_02,ok,,0.9555794732393269,0.218189237553379,1.0,65.35160486132052,92.95086131943248,781.0871940418771
NGexp13,deep,40,heart_rate_hr_bpm,NGexp13-260629-144155_pupil_anesthesia-260629-161150,stim_07,ok,,0.9517903953606875,0.51303887050962,1.0,2.3135264056492786,5.967459125292167,-14.326446666187556
NGexp9,deep,100,hrv_sdnn_ms,NGexp9-260607-162633_pupil_anesthesia-260630-162920,stim_09,ok,,0.9410109883379619,-0.013811902424998843,1.0,0.0338481221559017,-0.3949203461984603,-5.346985594172501
NGexp13,deep,40,eeg_bsr,NGexp13-260629-144155_pupil_anesthesia-260706-173532,stim_08,ok,,0.9404198030422001,0.01821653159571412,1.0,0.131313488372093,0.6620999999999999,4.8707872
NGexp12,light,100,eeg_rel_delta,NGexp12-260706-140202_pupil_anesthesia-260706-142109,stim_05,ok,,0.9369404194695835,2.274371874517454,1.0,-0.2494646990679351,-0.5665802207020356,-4.78425271759116
NGexp13,light,100,respiration_resp_bpm,NGexp13-260629-144155_pupil_anesthesia-260629-152742,stim_03,ok,,0.9341873727090199,-0.04726194322811023,1.0,35.89360928332321,56.63458628625286,659.4697869433874
NGexp12,light,100,heart_rate_hr_bpm,NGexp12-260706-140202_pupil_anesthesia-260706-150055,stim_11,ok,,0.9337881328245202,0.5045703528516392,0.9985734664764622,-1.046468067659234,-12.698308089334962,56.70168635451089
NGexp13,deep,100,rr_variability_ms,NGexp13-260629-144155_pupil_anesthesia-260706-173532,stim_10,ok,,0.9334233869856585,1.1226585625966594,0.9358059914407989,121.10654626725976,174.62233296116415,1222.6072220108108
NGexp9,light,100,heart_rate_hr_bpm,NGexp9-260607-162633_pupil_anesthesia-260630-152605,stim_04,ok,,0.9328770963619326,-0.20510189451409175,0.9985734664764622,0.1559141538800613,2.0700808483735367,-6.300498665596518
NGexp12,light,100,hrv_sdnn_ms,NGexp12-260706-140202_pupil_anesthesia-260706-150055,stim_10,ok,,0.9167279043114728,0.8527446658670785,1.0,2.649889222047446,3.126386520129835,23.84756809333733
NGexp13,light,40,pupil_diameter_mm,NGexp13-260629-144155_pupil_anesthesia-260706-165443,stim_05,ok,,0.9145591553268329,0.0,1.0,20.764519492726087,27.43959273281996,548.9042001357305
NGexp12,light,40,hrv_sdnn_ms,NGexp12-260706-140202_pupil_anesthesia-260706-142109,stim_10,ok,,0.8988907007845099,-0.02477863870579814,0.9985734664764622,0.1370145124515671,0.2028938628281438,3.5159607829306454
NGexp10,light,100,respiration_resp_bpm,NGexp10-260610-112701_pupil_anesthesia-260705-161427,stim_00,ok,,0.8988419573884024,0.0,1.0,0.6708189676337138,-18.63962313167641,-121.00536809583107
NGexp13,deep,40,eeg_rel_delta,NGexp13-260629-144155_pupil_anesthesia-260629-161150,stim_07,ok,,0.8979784196309416,1.810570818374581,1.0,-0.043536660603563,-0.4417493424997946,0.275580003626632
NGexp13,deep,100,heart_rate_hr_bpm,NGexp13-260629-144155_pupil_anesthesia-260629-161150,stim_04,ok,,0.8966409837177436,0.6173948352579048,0.9985734664764622,0.7654688375962919,4.3793739187010665,5.78039195444922
NGexp13,deep,40,hrv_sdnn_ms,NGexp13-260629-144155_pupil_anesthesia-260629-161150,stim_08,ok,,0.8877367992683446,-0.12306189049263856,0.9985734664764622,1.619686025674884,2.4400151204864216,22.75362274805014
NGexp10,deep,100,eeg_bsr,NGexp10-260610-112701_pupil_anesthesia-260705-165436,stim_05,ok,,0.8877310735090476,-0.08238951891034435,1.0,0.1886600697674419,0.4465999999999999,7.0417344
NGexp13,deep,40,eeg_rel_delta,NGexp13-260629-144155_pupil_anesthesia-260706-173532,stim_03,ok,,0.8864691775313227,-0.06795797972196096,1.0,0.0107539173889404,-0.6910452634938964,-1.9064723980430056
NGexp10,deep,100,heart_rate_hr_bpm,NGexp10-260610-112701_pupil_anesthesia-260630-114842,stim_10,ok,,0.8830875880423796,-0.34129798490003904,0.9985734664764622,0.3667695628311541,3.09983979849054,41.19887812789636
NGexp9,deep,100,eeg_bsr,NGexp9-260607-162633_pupil_anesthesia-260630-162920,stim_09,ok,,0.8813980681287047,-1.2646476742408896,1.0,0.3388753488372093,0.856,5.5838906
NGexp9,deep,40,rr_variability_ms,NGexp9-260607-162633_pupil_anesthesia-260705-150656,stim_05,ok,,0.8777924218890553,-0.22681453630663037,0.9985734664764622,122.48444873715796,171.91619996372657,1503.0128860327231
NGexp9,light,100,hrv_sdnn_ms,NGexp9-260607-162633_pupil_anesthesia-260705-130101,stim_01,ok,,0.8756108509810334,1.0662633210125072,1.0,0.8512962928070066,1.9461333177465416,35.64088829396535
NGexp13,light,100,eeg_rel_delta,NGexp13-260629-144155_pupil_anesthesia-260629-152742,stim_03,ok,,0.86647637701167,1.6705723321814905,1.0,-0.0139304933858223,-0.4613244395301019,0.5165145316355286
NGexp13,deep,40,rr_variability_ms,NGexp13-260629-144155_pupil_anesthesia-260706-173532,stim_06,ok,,0.8660810119677403,0.5049138840074254,1.0,125.12769268242006,173.20344124688307,1468.5362678985928
NGexp10,deep,40,hrv_sdnn_ms,NGexp10-260610-112701_pupil_anesthesia-260705-165436,stim_00,ok,,0.8606024018048112,-0.28891232287775837,1.0,1.666600676047837,3.0650702602352187,14.626681693034918
NGexp10,light,100,respiration_resp_bpm,NGexp10-260610-112701_pupil_anesthesia-260630-104745,stim_01,ok,,0.8563843084565288,-0.1153414119379459,0.9985734664764622,7.217801543402952,-16.994610563421343,256.40103256193333
NGexp13,light,100,heart_rate_hr_bpm,NGexp13-260629-144155_pupil_anesthesia-260706-165443,stim_08,ok,,0.8516074745066723,-0.010259008761148105,1.0,0.1107958432656813,-3.774276186072448,-12.984451871824874
NGexp12,light,40,rr_variability_ms,NGexp12-260706-140202_pupil_anesthesia-260706-150055,stim_00,ok,,0.8503460760438005,0.23837396984958925,0.9985734664764622,39.25128827675939,64.5982742107225,214.83086513063785
NGexp9,deep,40,heart_rate_hr_bpm,NGexp9-260607-162633_pupil_anesthesia-260705-150656,stim_11,ok,,0.8472527308412606,-0.1303774799802247,0.9985734664764622,0.4310243457646325,-5.0361485988161485,4.032962061815384
NGexp13,light,40,hrv_sdnn_ms,NGexp13-260629-144155_pupil_anesthesia-260629-152742,stim_05,ok,,0.841945254886537,0.07318169404742171,1.0,0.7720063156463072,2.214888789311108,22.93503238526579
NGexp13,deep,40,eeg_rel_delta,NGexp13-260629-144155_pupil_anesthesia-260706-173532,stim_06,ok,,0.8416377822854869,-0.013103892424196505,1.0,0.0024922712182471,-0.6158756172832553,-3.008196825432252
NGexp12,deep,100,hrv_sdnn_ms,NGexp12-260706-140202_pupil_anesthesia-260706-153452,stim_04,ok,,0.8414353579314209,-0.3596473490738964,1.0,0.6771224896201344,2.548819738907585,27.778574642733908
NGexp13,deep,40,hrv_sdnn_ms,NGexp13-260629-144155_pupil_anesthesia-260629-161150,stim_07,ok,,0.8403842175840107,0.0964238429205271,1.0,1.487017575165134,2.738978495891353,32.895913481917106
NGexp13,deep,40,pupil_diameter_mm,NGexp13-260629-144155_pupil_anesthesia-260629-161150,stim_08,ok,,0.8396271401916218,0.04161114568630628,0.9985734664764622,65.10361746461723,90.91458437016368,1567.0977074577097
NGexp12,light,40,hrv_sdnn_ms,NGexp12-260706-140202_pupil_anesthesia-260706-142109,stim_11,ok,,0.8372647139639557,-0.023040352381765012,1.0,0.2278486601290456,0.357217063676695,2.237927387183882
NGexp13,deep,40,eeg_bsr,NGexp13-260629-144155_pupil_anesthesia-260629-161150,stim_11,ok,,0.8357408759368985,0.5891471540594505,1.0,0.0758772558139534,0.6648,10.059457
NGexp13,deep,40,eeg_bsr,NGexp13-260629-144155_pupil_anesthesia-260629-161150,stim_07,ok,,0.8333111868863835,0.4701266423355323,1.0,0.2827618837209302,0.5562,7.7486452
NGexp12,light,40,hrv_sdnn_ms,NGexp12-260706-140202_pupil_anesthesia-260706-142109,stim_08,ok,,0.830728627807241,-0.010813075569705902,1.0,0.2374825799382409,0.3465847795275354,4.851815094671625
NGexp12,light,100,pupil_diameter_mm,NGexp12-260706-140202_pupil_anesthesia-260706-142109,stim_03,ok,,0.8269320204223407,-0.12737842127450705,1.0,22.985537486661865,42.089339555040425,344.3048119996919
NGexp13,light,40,hrv_sdnn_ms,NGexp13-260629-144155_pupil_anesthesia-260629-152742,stim_09,ok,,0.8246596465595882,0.2067844035628487,1.0,1.00852847200454,2.0807611358811178,25.63913600821385
NGexp9,deep,100,heart_rate_hr_bpm,NGexp9-260607-162633_pupil_anesthesia-260705-150656,stim_08,ok,,0.8221460306515606,-0.06751766792164092,1.0,0.8627616924743073,2.6080915110433205,12.899451019961171
NGexp9,light,40,hrv_sdnn_ms,NGexp9-260607-162633_pupil_anesthesia-260705-130101,stim_04,ok,,0.8212497112600764,0.6054992520331022,0.9985734664764622,1.014763942739236,1.7002123597053829,-2.835247564459186
NGexp13,deep,100,eeg_bsr,NGexp13-260629-144155_pupil_anesthesia-260706-173532,stim_05,ok,,0.8179075697223497,0.0,1.0,0.546029023255814,1.0,20.478175200000003
NGexp13,light,100,eeg_rel_delta,NGexp13-260629-144155_pupil_anesthesia-260706-165443,stim_07,ok,,0.8164108087264842,0.04447024272696835,1.0,-0.0202617296099519,-0.3473523666730964,-0.3825197200246454
NGexp12,deep,100,heart_rate_hr_bpm,NGexp12-260706-140202_pupil_anesthesia-260706-153452,stim_05,ok,,0.8151873485449868,0.6745,0.9985734664764622,-0.5794310217537163,-3.703233136907868,-18.165326011701637
NGexp10,deep,100,rr_variability_ms,NGexp10-260610-112701_pupil_anesthesia-260705-165436,stim_07,ok,,0.8110475396233175,0.3968550529122849,0.9985734664764622,86.98685574410632,116.28972718978362,1311.0240579302956
NGexp10,deep,100,respiration_resp_bpm,NGexp10-260610-112701_pupil_anesthesia-260705-165436,stim_09,ok,,0.8103548949828852,0.19050361205328967,0.9985734664764622,6.875502954006404,17.95524636361571,-0.8803611790640602
NGexp10,light,100,pupil_diameter_mm,NGexp10-260610-112701_pupil_anesthesia-260705-161427,stim_00,ok,,0.8055493966775316,0.2565198452145454,1.0,43.11781512219358,63.44042588898981,348.7600192734362
NGexp13,deep,40,pupil_diameter_mm,NGexp13-260629-144155_pupil_anesthesia-260629-161150,stim_07,ok,,0.8049061129977702,0.007907844485953594,1.0,63.965504009472696,89.81662392807243,1655.0220540948314
NGexp10,deep,100,rr_variability_ms,NGexp10-260610-112701_pupil_anesthesia-260630-114842,stim_11,ok,,0.8026800590759177,-0.05537455874532749,0.9985734664764622,27.009476385048952,38.05198714739189,457.66402661884473
NGexp10,deep,40,pupil_diameter_mm,NGexp10-260610-112701_pupil_anesthesia-260705-165436,stim_08,ok,,0.8021203453889534,0.011960930707736019,0.9985734664764622,2.6337520789841564,40.05103117519664,91.47619174998896
NGexp9,deep,100,heart_rate_hr_bpm,NGexp9-260607-162633_pupil_anesthesia-260705-150656,stim_00,ok,,0.8002780691332093,0.0,1.0,0.3312181367478684,-8.244557675133924,14.317001134764377
NGexp12,light,100,eeg_bsr,NGexp12-260706-140202_pupil_anesthesia-260706-150055,stim_04,ok,,0.7949464285714287,-0.5692666123660515,1.0,0.0,0.0,0.0
NGexp12,light,100,eeg_bsr,NGexp12-260706-140202_pupil_anesthesia-260706-150055,stim_05,ok,,0.7949464285714287,-0.5692666123660515,1.0,0.0,0.0,0.0
NGexp12,light,100,eeg_bsr,NGexp12-260706-140202_pupil_anesthesia-260706-150055,stim_10,ok,,0.7949464285714287,-0.5692666123660515,1.0,0.0,0.0,0.0
NGexp12,light,100,eeg_bsr,NGexp12-260706-140202_pupil_anesthesia-260706-150055,stim_11,ok,,0.7949464285714287,-0.5692666123660515,1.0,0.0,0.0,0.0
NGexp9,light,40,hrv_sdnn_ms,NGexp9-260607-162633_pupil_anesthesia-260630-152605,stim_08,ok,,0.794410163773423,-0.2774761783930207,0.9985734664764622,0.2645933721661735,0.5358549736468301,1.623862627014332
NGexp10,deep,100,heart_rate_hr_bpm,NGexp10-260610-112701_pupil_anesthesia-260705-165436,stim_06,ok,,0.7889343092338592,0.1273500039346266,0.9985734664764622,3.610353500592775,6.825629536618918,158.53601295719318
NGexp9,deep,40,eeg_bsr,NGexp9-260607-162633_pupil_anesthesia-260630-162920,stim_11,ok,,0.7794004110494348,-0.04996409266997459,1.0,0.1267563023255813,0.3242,2.9466700999999995
NGexp13,deep,100,pupil_diameter_mm,NGexp13-260629-144155_pupil_anesthesia-260706-173532,stim_10,ok,,0.777104506804058,-0.0501802065934534,1.0,13.360153894723233,19.95958559326357,306.2353415523068
NGexp9,deep,40,rr_variability_ms,NGexp9-260607-162633_pupil_anesthesia-260705-150656,stim_09,ok,,0.772760429019567,0.6952770552494622,0.9985734664764622,116.7910057695426,166.12710038308776,1349.1420917448
NGexp13,deep,40,pupil_diameter_mm,NGexp13-260629-144155_pupil_anesthesia-260706-173532,stim_00,ok,,0.7724129367503498,-0.01925927706360189,1.0,23.44139023288069,35.819835112936005,366.88306189730525
NGexp12,light,40,pupil_diameter_mm,NGexp12-260706-140202_pupil_anesthesia-260706-150055,stim_07,ok,,0.7634664326717151,-0.03509907852579467,0.9985734664764622,40.12045014457742,64.2111179635567,963.0585063429882
NGexp12,light,100,heart_rate_hr_bpm,NGexp12-260706-140202_pupil_anesthesia-260706-150055,stim_04,ok,,0.7633986237604333,-0.03980421019797964,0.9985734664764622,-1.776798419937374,-6.762747533217089,-11.328061999958472
NGexp13,light,100,eeg_rel_delta,NGexp13-260629-144155_pupil_anesthesia-260706-165443,stim_02,ok,,0.7626272624970182,-0.044470242726968714,1.0,-0.2202531120635968,-0.466335847273541,0.1421025883547861
NGexp13,light,100,hrv_sdnn_ms,NGexp13-260629-144155_pupil_anesthesia-260629-152742,stim_11,ok,,0.7619672946325285,0.07949434220089516,0.9985734664764622,0.7358461555866223,2.164382375944001,19.553642067399466
NGexp10,light,40,pupil_diameter_mm,NGexp10-260610-112701_pupil_anesthesia-260705-161427,stim_11,ok,,0.7584647059826888,-0.12198576893737353,0.9985734664764622,6.807524593601341,13.348288410113424,134.97103198759885
NGexp13,deep,100,eeg_bsr,NGexp13-260629-144155_pupil_anesthesia-260629-161150,stim_04,ok,,0.7577762788523412,-0.4866791638335608,1.0,0.4961328837209303,0.69092,10.7606118
NGexp13,deep,40,pupil_diameter_mm,NGexp13-260629-144155_pupil_anesthesia-260629-161150,stim_11,ok,,0.7574569612174837,0.04129704836353757,1.0,62.41017795950197,84.05496309256617,1612.5721311662296
NGexp12,light,40,heart_rate_hr_bpm,NGexp12-260706-140202_pupil_anesthesia-260706-142109,stim_09,ok,,0.7565123459670354,-0.0008584127140277741,1.0,0.1161754121064118,-6.73108329874684,38.5800716255521
NGexp13,deep,40,eeg_bsr,NGexp13-260629-144155_pupil_anesthesia-260629-161150,stim_01,ok,,0.7530078900690513,-0.267467728333219,1.0,0.0950073023255814,0.63,7.878739599999999
NGexp12,deep,100,eeg_bsr,NGexp12-260706-140202_pupil_anesthesia-260706-153452,stim_08,ok,,0.7507529050582509,0.0,1.0,0.1470373488372093,0.714058,11.504026
NGexp13,light,40,heart_rate_hr_bpm,NGexp13-260629-144155_pupil_anesthesia-260629-152742,stim_09,ok,,0.7499319172388395,0.34306532927390504,1.0,1.3779729380516383,4.952630294658487,-30.483741247190537
NGexp13,light,100,heart_rate_hr_bpm,NGexp13-260629-144155_pupil_anesthesia-260629-152742,stim_02,ok,,0.7468236992604476,0.010259008761148105,1.0,2.3897285098702543,3.4127828085020218,53.34690496603723
NGexp12,light,100,eeg_bsr,NGexp12-260706-140202_pupil_anesthesia-260706-142109,stim_04,ok,,0.7443099081658993,0.3423569406769433,1.0,0.0324873488372093,0.6974000000000001,6.7287218
NGexp13,deep,40,hrv_sdnn_ms,NGexp13-260629-144155_pupil_anesthesia-260706-173532,stim_03,ok,,0.7442339295554737,1.7906746088118568,1.0,1.463917467478644,1.751833976927397,14.266258045628389
NGexp12,light,40,eeg_rel_delta,NGexp12-260706-140202_pupil_anesthesia-260706-142109,stim_08,ok,,0.7438396883072136,1.6347024990567687,1.0,-0.1535663731726969,-0.5454006265929899,-4.14010485064507
NGexp9,deep,100,pupil_diameter_mm,NGexp9-260607-162633_pupil_anesthesia-260705-150656,stim_03,ok,,0.7435504162881763,0.12794447682149404,0.9985734664764622,14.56308134448376,-38.02511180558589,-125.86579537432796
NGexp9,deep,100,rr_variability_ms,NGexp9-260607-162633_pupil_anesthesia-260630-162920,stim_04,ok,,0.7434406305844021,-0.29101189560547336,0.8430813124108416,46.72863319792329,70.47328740943789,706.2351963746889
NGexp13,deep,100,eeg_bsr,NGexp13-260629-144155_pupil_anesthesia-260706-173532,stim_09,ok,,0.7398408619378816,0.7159622393988416,1.0,0.6062346744186047,1.0,19.8876964
NGexp13,light,40,pupil_diameter_mm,NGexp13-260629-144155_pupil_anesthesia-260629-152742,stim_05,ok,,0.7330429256189664,-0.029280823011433536,1.0,62.63803113248879,90.04589546363398,1465.6266695171105
NGexp10,deep,100,eeg_bsr,NGexp10-260610-112701_pupil_anesthesia-260705-165436,stim_07,ok,,0.732345445215181,-0.5270305329076435,1.0,0.0971709302325581,0.5358,8.158972799999999
NGexp10,light,40,pupil_diameter_mm,NGexp10-260610-112701_pupil_anesthesia-260705-161427,stim_05,ok,,0.7294594879308915,-0.060804913810540505,0.9985734664764622,84.08984714603005,122.69857056404484,1512.2394373132297
NGexp13,deep,100,respiration_resp_bpm,NGexp13-260629-144155_pupil_anesthesia-260706-173532,stim_07,ok,,0.7278297717238326,0.10356499136435546,1.0,20.98776467344133,43.46670159235122,363.4058016038528
NGexp10,deep,40,eeg_rel_delta,NGexp10-260610-112701_pupil_anesthesia-260705-165436,stim_03,ok,,0.7202829132281072,-0.5067562757081983,1.0,-0.3132091602170291,-0.7064633357195684,-8.171946930302925
NGexp10,deep,100,pupil_diameter_mm,NGexp10-260610-112701_pupil_anesthesia-260705-165436,stim_09,ok,,0.7170974460677919,-0.0013905504486973201,0.9985734664764622,7.258613983948669,-18.6396591077036,-145.13184484811748
NGexp13,deep,40,heart_rate_hr_bpm,NGexp13-260629-144155_pupil_anesthesia-260629-161150,stim_01,ok,,0.7131717703013699,0.24116536911123,0.9985734664764622,-0.9166164663875508,-4.615759284262672,-46.518920924512656
NGexp10,deep,100,heart_rate_hr_bpm,NGexp10-260610-112701_pupil_anesthesia-260705-165436,stim_01,ok,,0.7108091169113537,-0.2607041488770061,0.9985734664764622,0.5417142961990858,6.34067789175083,104.4591581887464
NGexp13,light,40,heart_rate_hr_bpm,NGexp13-260629-144155_pupil_anesthesia-260629-152742,stim_00,ok,,0.6993988014685243,0.1015524753639102,1.0,2.224814628978463,3.2644501554751355,59.67545481952402
NGexp13,deep,100,eeg_rel_delta,NGexp13-260629-144155_pupil_anesthesia-260706-173532,stim_07,ok,,0.698736072061425,1.3792080737067378,1.0,-0.0001338716412681,-0.4657816201108656,1.4997977022570126
NGexp12,light,100,heart_rate_hr_bpm,NGexp12-260706-140202_pupil_anesthesia-260706-150055,stim_08,ok,,0.6973621623315008,0.0,0.9985734664764622,-1.314786563026185,-5.5590999722982986,-6.6938349058284
NGexp10,deep,100,respiration_resp_bpm,NGexp10-260610-112701_pupil_anesthesia-260705-165436,stim_07,ok,,0.6965133451340775,0.10074601904151988,0.9985734664764622,42.14363512265346,68.04710876224668,606.571048744604
NGexp13,light,100,rr_variability_ms,NGexp13-260629-144155_pupil_anesthesia-260706-165443,stim_02,ok,,0.693998525613094,0.1704916379476465,0.9985734664764622,7.102883690525641,11.22193563412128,42.40408370809319
NGexp10,light,100,eeg_rel_delta,NGexp10-260610-112701_pupil_anesthesia-260705-161427,stim_00,ok,,0.6902073582637399,0.7716851157887075,1.0,-0.2021067448584421,-0.3904888059913421,-1.4549166868000192
NGexp9,light,40,rr_variability_ms,NGexp9-260607-162633_pupil_anesthesia-260630-152605,stim_00,ok,,0.6896913412394339,0.0,0.8659058487874465,-2.3163239539301763,5.154564521772025,-14.516899113723536
NGexp10,light,100,heart_rate_hr_bpm,NGexp10-260610-112701_pupil_anesthesia-260705-161427,stim_07,ok,,0.6811994060721591,0.054626995362848235,0.9985734664764622,1.0790047022399076,3.574079057296794,66.2503929758992
NGexp9,light,40,heart_rate_hr_bpm,NGexp9-260607-162633_pupil_anesthesia-260705-130101,stim_07,ok,,0.6809436645373425,0.16081356952140594,1.0,3.532082474244206,4.933459032202621,25.342800503063543
NGexp9,light,100,eeg_rel_delta,NGexp9-260607-162633_pupil_anesthesia-260705-130101,stim_11,ok,,0.6798197022483811,-0.4487358634304396,1.0,0.1113768686930238,0.4798587266642481,0.2628624945032178
NGexp13,light,40,eeg_rel_delta,NGexp13-260629-144155_pupil_anesthesia-260629-152742,stim_00,ok,,0.6781054801123809,0.24224796753516564,1.0,-0.1735948307672195,-0.5542834294923874,-4.770749344935818
NGexp13,light,40,pupil_diameter_mm,NGexp13-260629-144155_pupil_anesthesia-260629-152742,stim_00,ok,,0.6780072821285088,0.023557189154813144,1.0,34.796101346160754,66.42541549164255,786.0156172289887
NGexp9,light,100,hrv_sdnn_ms,NGexp9-260607-162633_pupil_anesthesia-260705-130101,stim_10,ok,,0.6765159734794067,0.015276803732613893,1.0,1.4977100228877724,2.171271754725349,30.629559492899663
NGexp9,deep,100,eeg_rel_delta,NGexp9-260607-162633_pupil_anesthesia-260705-150656,stim_01,ok,,0.6760406542497261,-0.633005152439881,1.0,-0.2992185406424349,-0.7622871293875226,-4.2540741010966245
NGexp10,light,40,pupil_diameter_mm,NGexp10-260610-112701_pupil_anesthesia-260630-104745,stim_09,ok,,0.6745,0.0,1.0,11.08984616896426,27.517221468562912,228.32262915099312
NGexp10,deep,40,heart_rate_hr_bpm,NGexp10-260610-112701_pupil_anesthesia-260705-165436,stim_00,ok,,0.6745,0.0,1.0,4.590756025194591,9.378472107968705,211.8708533119671
NGexp12,light,100,hrv_sdnn_ms,NGexp12-260706-140202_pupil_anesthesia-260706-142109,stim_03,ok,,0.6745,0.018787674421393258,1.0,0.8323557341169805,1.532016230687247,13.929756333263605
NGexp12,light,100,eeg_rel_delta,NGexp12-260706-140202_pupil_anesthesia-260706-142109,stim_04,ok,,0.6745,0.0,1.0,-0.199119671512119,-0.4797453485806154,-2.136476067644716
NGexp9,deep,100,heart_rate_hr_bpm,NGexp9-260607-162633_pupil_anesthesia-260630-162920,stim_04,ok,,0.6745,0.06335000991908468,1.0,0.5604781123595484,1.6204640623352264,7.444273981970872
NGexp9,deep,40,pupil_diameter_mm,NGexp9-260607-162633_pupil_anesthesia-260705-150656,stim_09,ok,,0.6739169066708729,0.018245554722703228,0.9985734664764622,40.868600495234666,62.19794439162671,1375.8978238829222
NGexp13,deep,40,hrv_sdnn_ms,NGexp13-260629-144155_pupil_anesthesia-260629-161150,stim_01,ok,,0.6735875992355616,0.010396580579745173,0.9985734664764622,1.175701533333935,2.536390652129208,28.69754982766832
NGexp13,light,40,rr_variability_ms,NGexp13-260629-144155_pupil_anesthesia-260629-152742,stim_05,ok,,0.6729982360925932,0.03416260947841594,1.0,60.99033927652141,88.03859058184307,777.0104576663529
NGexp13,light,40,pupil_diameter_mm,NGexp13-260629-144155_pupil_anesthesia-260706-165443,stim_04,ok,,0.6723610892866843,-0.06136626094934599,0.9985734664764622,22.06260120753336,32.74567157001817,791.6751656730817
NGexp12,light,100,eeg_rel_delta,NGexp12-260706-140202_pupil_anesthesia-260706-142109,stim_03,ok,,0.6721971780776398,0.3934373246672677,1.0,-0.1985841151062656,-0.535479770157861,-1.7303265132120358
NGexp9,light,100,rr_variability_ms,NGexp9-260607-162633_pupil_anesthesia-260705-130101,stim_01,ok,,0.671376175908222,0.5122950267180894,0.8944365192582026,42.31669107416237,62.29147892807221,537.2052688453888
NGexp9,deep,40,respiration_resp_bpm,NGexp9-260607-162633_pupil_anesthesia-260705-150656,stim_09,ok,,0.6655548351725126,-0.011731635126013855,0.9985734664764622,42.78756028167225,54.77022820014164,1100.840401760183
NGexp13,light,40,rr_variability_ms,NGexp13-260629-144155_pupil_anesthesia-260706-165443,stim_04,ok,,0.6650122172631789,-0.2640950082362612,0.9985734664764622,16.133645933495973,22.618548402981745,154.46971053087395
NGexp13,deep,100,hrv_sdnn_ms,NGexp13-260629-144155_pupil_anesthesia-260629-161150,stim_05,ok,,0.6648240604401114,-0.01807039870136026,1.0,0.9628610386146356,1.634994894247172,14.809600999456462
NGexp13,deep,40,hrv_sdnn_ms,NGexp13-260629-144155_pupil_anesthesia-260706-173532,stim_04,ok,,0.6643854476270343,-0.08506885929824502,0.9985734664764622,0.2015386673563344,0.3513605220733234,3.660331556111188
NGexp9,deep,100,pupil_diameter_mm,NGexp9-260607-162633_pupil_anesthesia-260705-150656,stim_01,ok,,0.6640979484434472,0.12321971679926631,0.9985734664764622,21.64974226639422,-30.989963942354404,17.6126357837162
NGexp12,light,40,pupil_diameter_mm,NGexp12-260706-140202_pupil_anesthesia-260706-142109,stim_09,ok,,0.66222705720197,0.12579172190636406,1.0,86.74092851477941,110.9784682383954,2437.0515706218985
NGexp13,deep,100,eeg_bsr,NGexp13-260629-144155_pupil_anesthesia-260706-173532,stim_10,ok,,0.6585758994139065,-0.5066472850057864,1.0,0.3457940930232558,0.7444,10.1749684
NGexp9,light,100,rr_variability_ms,NGexp9-260607-162633_pupil_anesthesia-260705-130101,stim_06,ok,,0.6547821489490119,-0.3261181915417491,1.0,37.09590266712773,50.69613480004503,528.4301327090861
NGexp9,light,100,hrv_sdnn_ms,NGexp9-260607-162633_pupil_anesthesia-260630-152605,stim_11,ok,,0.6523180684582432,-0.3725669706035101,0.9985734664764622,0.0556326839637146,0.490626930881197,2.5882858257856167
NGexp12,light,100,heart_rate_hr_bpm,NGexp12-260706-140202_pupil_anesthesia-260706-142109,stim_03,ok,,0.6499111459880087,0.18334627543382362,1.0,0.3573033188472486,-4.459466009199244,60.27762961118805
NGexp9,deep,100,hrv_sdnn_ms,NGexp9-260607-162633_pupil_anesthesia-260630-162920,stim_04,ok,,0.6484204177558867,-0.03367955519068736,1.0,0.0710502378706467,0.1759841421932232,0.2100016647021301
NGexp12,light,40,eeg_bsr,NGexp12-260706-140202_pupil_anesthesia-260706-150055,stim_02,ok,,0.6474981080785017,1.7938904647836669,1.0,0.0,0.4807,3.0480871999999994
NGexp9,deep,40,eeg_rel_delta,NGexp9-260607-162633_pupil_anesthesia-260705-150656,stim_05,ok,,0.641611796742318,-0.1541401200619014,1.0,-0.3373682006297556,-0.6750091825228687,-6.008955409835698
NGexp9,deep,100,eeg_rel_delta,NGexp9-260607-162633_pupil_anesthesia-260705-150656,stim_00,ok,,0.6374327344476387,-1.3684032953770235,1.0,-0.1746360097667303,-0.7001615681201397,-1.9559088261137016
NGexp13,light,100,respiration_resp_bpm,NGexp13-260629-144155_pupil_anesthesia-260629-152742,stim_11,ok,,0.6323836253225843,-0.00847677582063063,0.9985734664764622,28.829916407964983,43.85032777646126,353.3197927146188
NGexp12,light,100,heart_rate_hr_bpm,NGexp12-260706-140202_pupil_anesthesia-260706-150055,stim_05,ok,,0.6317276605540503,-0.06624622623230156,1.0,-1.7801283145947455,-7.939886713546162,-2.08781605101548
NGexp9,deep,40,eeg_rel_delta,NGexp9-260607-162633_pupil_anesthesia-260705-150656,stim_04,ok,,0.6281991927131804,0.8512313980976141,1.0,-0.0588642612044456,-0.52282796832364,-1.6261448537072871
NGexp9,deep,100,pupil_diameter_mm,NGexp9-260607-162633_pupil_anesthesia-260705-150656,stim_00,ok,,0.6260968800247495,-0.05963533153869067,1.0,7.99825363175405,-27.625145422069146,-250.1737920892703
NGexp9,deep,40,heart_rate_hr_bpm,NGexp9-260607-162633_pupil_anesthesia-260630-162920,stim_01,ok,,0.6255726826622439,0.6505864106447014,0.9985734664764622,1.8401535369757032,3.75689901345558,39.468198162797
NGexp10,light,100,eeg_rel_delta,NGexp10-260610-112701_pupil_anesthesia-260630-104745,stim_01,ok,,0.6248996826142534,-0.5479689074904445,1.0,-0.1655042922712667,-0.5269788865248196,-3.397276758768265
NGexp10,deep,40,rr_variability_ms,NGexp10-260610-112701_pupil_anesthesia-260630-114842,stim_00,ok,,0.6228795631504032,-0.08327764334862131,0.8730385164051355,19.97056701871828,65.65568165678206,578.1284977989429
NGexp12,light,100,eeg_bsr,NGexp12-260706-140202_pupil_anesthesia-260706-142109,stim_05,ok,,0.6214389263170546,0.37484016937333847,1.0,0.0,0.7012,5.845267
NGexp9,deep,100,eeg_bsr,NGexp9-260607-162633_pupil_anesthesia-260630-162920,stim_05,ok,,0.6212647504244314,0.0352069504878701,1.0,0.1376710232558139,0.3664,4.936023199999999
NGexp10,deep,40,respiration_resp_bpm,NGexp10-260610-112701_pupil_anesthesia-260705-165436,stim_00,ok,,0.6172949251307037,0.08556404536150554,1.0,36.48204525073055,66.32881308942973,638.050223653621
NGexp9,deep,100,eeg_rel_delta,NGexp9-260607-162633_pupil_anesthesia-260630-162920,stim_09,ok,,0.6145390949973678,-0.9591525720393419,1.0,-0.1829272423100749,-0.7072503805668633,-6.4696998948773725
NGexp9,deep,100,hrv_sdnn_ms,NGexp9-260607-162633_pupil_anesthesia-260705-150656,stim_03,ok,,0.6142228623889076,-0.023963921584449592,0.9985734664764622,0.4110554790159661,1.8475698915888337,23.520385090790345
NGexp13,light,100,pupil_diameter_mm,NGexp13-260629-144155_pupil_anesthesia-260706-165443,stim_08,ok,,0.6139150365308963,-0.10350493407747556,1.0,23.09423326160512,37.01714032437,561.9883382001984
NGexp12,deep,100,eeg_bsr,NGexp12-260706-140202_pupil_anesthesia-260706-153452,stim_05,ok,,0.6139096034186173,1.519941855017358,1.0,0.1174363488372092,0.3612,3.698204
NGexp12,light,100,eeg_bsr,NGexp12-260706-140202_pupil_anesthesia-260706-142109,stim_06,ok,,0.6118678571428572,0.816654993588937,1.0,0.0,0.7008,4.749999999999999
NGexp13,deep,100,rr_variability_ms,NGexp13-260629-144155_pupil_anesthesia-260706-173532,stim_07,ok,,0.6112888193046493,0.39167851485351046,1.0,69.23873048665249,99.8112573948232,899.3497859958122
NGexp10,deep,40,heart_rate_hr_bpm,NGexp10-260610-112701_pupil_anesthesia-260705-165436,stim_03,ok,,0.609701041561806,0.17585177830067752,0.9985734664764622,2.7467667338023305,4.929457751347921,104.74830444762291
NGexp9,light,100,hrv_sdnn_ms,NGexp9-260607-162633_pupil_anesthesia-260705-130101,stim_09,ok,,0.6092699176244225,1.4638610296914674,0.9985734664764622,1.1275554069443603,1.8322628198069213,28.93693886552365
NGexp10,deep,100,eeg_rel_delta,NGexp10-260610-112701_pupil_anesthesia-260630-114842,stim_11,ok,,0.6029644382795312,0.7173353902056965,1.0,-0.1078595388867058,-0.5814871329305252,-1.4031015059752183
NGexp10,light,100,heart_rate_hr_bpm,NGexp10-260610-112701_pupil_anesthesia-260705-161427,stim_10,ok,,0.5967360568436342,0.1280293660094851,0.9985734664764622,0.91318349751649,-3.113014886137925,19.60367492191579
NGexp13,deep,100,eeg_rel_delta,NGexp13-260629-144155_pupil_anesthesia-260706-173532,stim_02,ok,,0.5949103061246626,-0.13314806664805967,1.0,0.0754900959534168,-0.3954620811075811,0.2760163034933289
NGexp9,deep,100,eeg_bsr,NGexp9-260607-162633_pupil_anesthesia-260705-150656,stim_00,ok,,0.5918443060810668,-0.05359864104123427,1.0,0.2727764186046511,0.537,7.2836304
NGexp12,light,40,heart_rate_hr_bpm,NGexp12-260706-140202_pupil_anesthesia-260706-142109,stim_08,ok,,0.5912643487496227,-0.055053431736969284,1.0,0.4559609049354796,1.8359673055666992,34.27136751809324
NGexp9,deep,100,rr_variability_ms,NGexp9-260607-162633_pupil_anesthesia-260705-150656,stim_00,ok,,0.5911499830349785,-0.1689024175088161,1.0,52.908176021983074,77.70929703920645,823.5866025187712
NGexp13,light,40,eeg_rel_delta,NGexp13-260629-144155_pupil_anesthesia-260706-165443,stim_11,ok,,0.5876773014929284,0.7153028603868554,1.0,-0.2343658844142033,-0.5399061540768204,-4.444724513212574
NGexp10,deep,40,heart_rate_hr_bpm,NGexp10-260610-112701_pupil_anesthesia-260630-114842,stim_08,ok,,0.5866730573470399,-0.44214007063863187,1.0,2.184373668360131,4.604389739669921,106.6692002298702
NGexp10,deep,40,eeg_rel_delta,NGexp10-260610-112701_pupil_anesthesia-260630-114842,stim_00,ok,,0.5838179633428037,-0.7125006793843809,1.0,-0.4207966536417639,-0.6764349204897465,-6.705750481471355
NGexp12,light,40,heart_rate_hr_bpm,NGexp12-260706-140202_pupil_anesthesia-260706-142109,stim_10,ok,,0.5835684165834435,-0.12303252217518543,0.9985734664764622,0.4724960311591752,1.7870486378278396,21.13137615406301
NGexp12,light,40,heart_rate_hr_bpm,NGexp12-260706-140202_pupil_anesthesia-260706-150055,stim_02,ok,,0.5788211581177827,0.07264739886159817,0.9985734664764622,-0.7859925578362317,-5.361348530614133,11.9119615524381
NGexp9,light,100,hrv_sdnn_ms,NGexp9-260607-162633_pupil_anesthesia-260630-152605,stim_04,ok,,0.5778276567209026,0.0,0.9985734664764622,0.2314236798935063,0.3396647339283682,1.4706207037831756
NGexp10,light,40,eeg_rel_delta,NGexp10-260610-112701_pupil_anesthesia-260630-104745,stim_06,ok,,0.5748964793673528,-0.4420151804512878,1.0,-0.1062804755202241,-0.4678562419173195,-3.0299757733239536
NGexp13,deep,40,eeg_bsr,NGexp13-260629-144155_pupil_anesthesia-260706-173532,stim_00,ok,,0.5726931842895421,0.42537352865567957,1.0,0.4015443255813953,1.0,15.6341437
NGexp9,light,40,eeg_rel_delta,NGexp9-260607-162633_pupil_anesthesia-260630-152605,stim_08,ok,,0.5706791951630261,-1.727029414717934,1.0,-0.0163510473174794,-0.4482622348739563,-1.1856529998559118
NGexp13,light,40,rr_variability_ms,NGexp13-260629-144155_pupil_anesthesia-260706-165443,stim_05,ok,,0.570403935291571,-0.06598289561829344,1.0,21.316279084620824,31.48344220792496,204.49979400387852
NGexp13,light,100,heart_rate_hr_bpm,NGexp13-260629-144155_pupil_anesthesia-260706-165443,stim_10,ok,,0.5691300648900419,-0.11313487753114827,1.0,0.2102453569425252,-1.978727804617588,-16.728860339536112
NGexp9,light,40,pupil_diameter_mm,NGexp9-260607-162633_pupil_anesthesia-260705-130101,stim_04,ok,,0.5675048122042285,0.04003894760067775,0.9985734664764622,72.27846538438355,130.98511703285226,1293.576937835417
NGexp9,light,100,pupil_diameter_mm,NGexp9-260607-162633_pupil_anesthesia-260705-130101,stim_01,ok,,0.5663290959421379,0.7370619280153059,1.0,25.48397471685781,80.7610513235861,47.666251969678
NGexp13,deep,100,eeg_bsr,NGexp13-260629-144155_pupil_anesthesia-260706-173532,stim_07,ok,,0.5661348003136762,0.09852691367874002,1.0,0.3668964186046511,1.0,14.2917086
NGexp13,deep,40,hrv_sdnn_ms,NGexp13-260629-144155_pupil_anesthesia-260706-173532,stim_11,ok,,0.5650715285794358,-0.07247428835541583,1.0,0.2180598812793562,0.5451424407156319,1.371892624756748
NGexp9,deep,40,rr_variability_ms,NGexp9-260607-162633_pupil_anesthesia-260705-150656,stim_02,ok,,0.5649480445292268,0.0,0.9985734664764622,67.55555750294931,92.39596997541206,1060.818646257305
NGexp13,deep,100,heart_rate_hr_bpm,NGexp13-260629-144155_pupil_anesthesia-260629-161150,stim_05,ok,,0.5646541529290457,0.6331195135878435,1.0,0.2960544330571437,-4.909248916643453,19.162699994827733
NGexp13,deep,40,respiration_resp_bpm,NGexp13-260629-144155_pupil_anesthesia-260706-173532,stim_11,ok,,0.564187482627432,0.0812688019760181,1.0,35.670345949473514,82.04327357734931,575.1006348000786
NGexp9,deep,100,respiration_resp_bpm,NGexp9-260607-162633_pupil_anesthesia-260705-150656,stim_01,ok,,0.5623309196411646,-0.0672513054856607,0.9985734664764622,35.96620370642728,56.16151656298377,525.5527520710557
NGexp13,light,100,rr_variability_ms,NGexp13-260629-144155_pupil_anesthesia-260629-152742,stim_11,ok,,0.5613578689915169,-0.14894131985529935,0.9985734664764622,50.54995429812968,71.04252583991676,706.2527859737866
NGexp10,deep,40,eeg_bsr,NGexp10-260610-112701_pupil_anesthesia-260705-165436,stim_10,ok,,0.5588355802239338,0.0,1.0,0.1526065348837209,0.8218,13.336941400000002
NGexp9,deep,40,respiration_resp_bpm,NGexp9-260607-162633_pupil_anesthesia-260705-150656,stim_04,ok,,0.5587484116389511,0.023108695414081334,0.9985734664764622,26.692419676726264,53.86510497482245,310.9400496131818
NGexp13,light,100,eeg_rel_delta,NGexp13-260629-144155_pupil_anesthesia-260629-152742,stim_07,ok,,0.5563509722692721,-0.2836714439517773,1.0,-0.0681862329682859,-0.53228214070671,-3.227000688534712
NGexp9,light,40,eeg_rel_delta,NGexp9-260607-162633_pupil_anesthesia-260630-152605,stim_00,ok,,0.5560011433472758,-1.0747242369473426,1.0,-0.24083660259178,-0.5284228671645704,-3.1540783384587945
NGexp9,deep,100,rr_variability_ms,NGexp9-260607-162633_pupil_anesthesia-260630-162920,stim_05,ok,,0.5528094681715047,0.35526127523720374,0.8102710413694721,54.4639304777414,79.39826951953623,887.8486575225169
NGexp13,deep,40,pupil_diameter_mm,NGexp13-260629-144155_pupil_anesthesia-260706-173532,stim_11,ok,,0.5495944388126225,-0.054088054474748716,1.0,21.970953968557165,29.16263402567601,590.2286185664381
NGexp9,light,40,pupil_diameter_mm,NGexp9-260607-162633_pupil_anesthesia-260705-130101,stim_00,ok,,0.5489564386803559,0.0,0.9985734664764622,65.13507708626082,87.07898684625333,1444.8030288516595
NGexp9,light,100,pupil_diameter_mm,NGexp9-260607-162633_pupil_anesthesia-260705-130101,stim_10,ok,,0.5486258282925845,-0.06911984288470453,1.0,2.174507501546718,-6.536993044415144,-51.02511050207399
NGexp12,light,40,eeg_rel_delta,NGexp12-260706-140202_pupil_anesthesia-260706-150055,stim_02,ok,,0.5485890023975898,1.3706678532295495,1.0,-0.0784719430643037,-0.450677593365715,0.5195471829820306
NGexp9,deep,40,respiration_resp_bpm,NGexp9-260607-162633_pupil_anesthesia-260705-150656,stim_02,ok,,0.5479870862517311,-0.16100967959732096,0.9985734664764622,25.28617909851999,47.05182166101643,317.88308005524885
NGexp13,light,40,respiration_resp_bpm,NGexp13-260629-144155_pupil_anesthesia-260629-152742,stim_05,ok,,0.5444087118283082,-0.04111766852741426,1.0,35.45705621339573,55.025446467876,625.0302589168514
NGexp13,deep,100,pupil_diameter_mm,NGexp13-260629-144155_pupil_anesthesia-260629-161150,stim_05,ok,,0.5429957197631791,0.13988508462963237,1.0,56.63144945885829,93.04416605701157,1232.53962907987
NGexp9,deep,40,pupil_diameter_mm,NGexp9-260607-162633_pupil_anesthesia-260705-150656,stim_10,ok,,0.5427505245299202,-0.09865816040404946,0.9985734664764622,14.334681792725137,20.268342655905524,156.35246648315524
NGexp12,light,40,heart_rate_hr_bpm,NGexp12-260706-140202_pupil_anesthesia-260706-142109,stim_11,ok,,0.5410243462226576,0.0008584127140277741,1.0,1.0355261736376864,1.5166201572619604,31.732208729035964
NGexp9,deep,100,eeg_bsr,NGexp9-260607-162633_pupil_anesthesia-260705-150656,stim_08,ok,,0.5410194277730345,0.525914770347407,1.0,0.2611741860465116,0.6198,10.108248
NGexp13,light,100,eeg_rel_delta,NGexp13-260629-144155_pupil_anesthesia-260629-152742,stim_11,ok,,0.5387928434696996,-0.24745547502443954,1.0,-0.2316111251054465,-0.4841044245138574,-0.664897839071201
NGexp10,light,100,eeg_rel_delta,NGexp10-260610-112701_pupil_anesthesia-260705-161427,stim_09,ok,,0.5383454490901018,0.29931158354537374,1.0,0.0242941632710494,-0.3735280218627029,0.4354521682179559
NGexp13,deep,100,hrv_sdnn_ms,NGexp13-260629-144155_pupil_anesthesia-260629-161150,stim_04,ok,,0.5375141815846413,0.2697552586683395,0.9985734664764622,0.824669542422724,1.0012346962136638,8.928897607185187
NGexp13,deep,100,heart_rate_hr_bpm,NGexp13-260629-144155_pupil_anesthesia-260706-173532,stim_09,ok,,0.5374786705895654,-0.1917773331883308,1.0,-0.26159001599626,-4.736509817272173,-24.53341730995398
NGexp10,deep,100,respiration_resp_bpm,NGexp10-260610-112701_pupil_anesthesia-260705-165436,stim_01,ok,,0.5351638030917472,-0.019835962434263922,0.9985734664764622,32.03527691571845,63.66683487868568,492.381932819183
NGexp10,light,100,heart_rate_hr_bpm,NGexp10-260610-112701_pupil_anesthesia-260705-161427,stim_01,ok,,0.5335794054461925,0.5730321326732779,1.0,1.1695425222935716,3.221100934768973,55.89089472700263
NGexp10,deep,40,rr_variability_ms,NGexp10-260610-112701_pupil_anesthesia-260630-114842,stim_08,ok,,0.5326670520146711,-0.2696833707259541,0.8644793152639088,36.08803579759368,45.25724148146358,511.8814977893614
NGexp12,light,40,eeg_bsr,NGexp12-260706-140202_pupil_anesthesia-260706-150055,stim_00,ok,,0.5310416138197784,-0.4681123143225454,1.0,0.0,0.0,0.0
NGexp13,light,40,respiration_resp_bpm,NGexp13-260629-144155_pupil_anesthesia-260629-152742,stim_09,ok,,0.5304733728148371,0.39957312532266914,1.0,35.1309007042028,48.6405547494152,587.4597359727615
NGexp13,deep,40,eeg_bsr,NGexp13-260629-144155_pupil_anesthesia-260629-161150,stim_08,ok,,0.5289983577189667,-0.043498975543072325,1.0,0.1468042093023256,0.890378,12.775279
NGexp9,deep,40,eeg_bsr,NGexp9-260607-162633_pupil_anesthesia-260630-162920,stim_02,ok,,0.5272617594591807,0.049964092669974834,1.0,0.2317413488372092,0.466,5.8464528
NGexp13,light,40,eeg_rel_delta,NGexp13-260629-144155_pupil_anesthesia-260629-152742,stim_09,ok,,0.5271224293774237,-1.008458309515506,1.0,-0.2725442187787459,-0.4579669365357972,-4.226403274270433
NGexp10,light,40,hrv_sdnn_ms,NGexp10-260610-112701_pupil_anesthesia-260705-161427,stim_05,ok,,0.5269033751874571,0.2670018938083908,0.9985734664764622,0.7177942266539792,0.917121369896309,14.378229682743491
NGexp9,light,40,heart_rate_hr_bpm,NGexp9-260607-162633_pupil_anesthesia-260630-152605,stim_00,ok,,0.5253128845485447,-0.07983127044342066,1.0,3.195928775147636,5.716311849133183,47.65563924855144
NGexp9,deep,100,rr_variability_ms,NGexp9-260607-162633_pupil_anesthesia-260705-150656,stim_01,ok,,0.5250825213672126,0.061494476252405596,0.9985734664764622,87.68610404031918,120.0749946329246,1356.983873793839
NGexp9,light,40,respiration_resp_bpm,NGexp9-260607-162633_pupil_anesthesia-260705-130101,stim_04,ok,,0.5246316383512493,-0.02392959779446738,0.9985734664764622,23.824267156259825,41.05996581567154,437.440857627445
NGexp9,deep,40,pupil_diameter_mm,NGexp9-260607-162633_pupil_anesthesia-260630-162920,stim_07,ok,,0.5232216931588728,0.17489038305727686,1.0,13.691303583983892,19.420471357060404,392.2884332392517
NGexp12,light,40,eeg_bsr,NGexp12-260706-140202_pupil_anesthesia-260706-142109,stim_09,ok,,0.5143699472732665,-0.4681123143225454,1.0,0.0,0.4264,2.132
NGexp13,deep,40,respiration_resp_bpm,NGexp13-260629-144155_pupil_anesthesia-260706-173532,stim_00,ok,,0.5091094973217141,-0.0046159575240781354,1.0,45.38052765475325,60.8830691516565,1063.095340238091
NGexp13,light,100,eeg_rel_delta,NGexp13-260629-144155_pupil_anesthesia-260706-165443,stim_01,ok,,0.5078656385885945,0.2700635479901103,1.0,-0.2055420705738584,-0.6018613048466321,-4.4384633436998255
NGexp9,light,40,rr_variability_ms,NGexp9-260607-162633_pupil_anesthesia-260705-130101,stim_04,ok,,0.5068192167228698,0.47253168854102473,0.9044222539229672,24.037701768626487,51.45929486604048,546.3749055946814
NGexp9,light,100,respiration_resp_bpm,NGexp9-260607-162633_pupil_anesthesia-260705-130101,stim_11,ok,,0.5046614673316977,0.07229801370678894,1.0,12.782055375014478,26.33512137368185,390.4841595217637
NGexp13,light,40,respiration_resp_bpm,NGexp13-260629-144155_pupil_anesthesia-260706-165443,stim_04,ok,,0.5020129159598155,-0.06269988668404804,0.9985734664764622,10.965640646698434,22.086317782635057,246.98038971022527
NGexp10,deep,100,respiration_resp_bpm,NGexp10-260610-112701_pupil_anesthesia-260630-114842,stim_11,ok,,0.5008165623211647,-0.0074731150341089,0.9985734664764622,14.120223186963756,28.24914280522109,108.01513370961604
NGexp13,deep,40,hrv_sdnn_ms,NGexp13-260629-144155_pupil_anesthesia-260706-173532,stim_08,ok,,0.4987627035915256,1.206165992085083,0.9985734664764622,0.114677596697697,1.543592863019959,16.867687050224326
NGexp13,light,100,eeg_rel_delta,NGexp13-260629-144155_pupil_anesthesia-260706-165443,stim_08,ok,,0.49748253399428943,-1.4398085478442266,1.0,-0.0974563549167609,-0.538399772033808,-4.40102866371618
NGexp13,light,40,rr_variability_ms,NGexp13-260629-144155_pupil_anesthesia-260629-152742,stim_00,ok,,0.4900425562055233,0.15197219423284639,1.0,55.5767134635597,77.95453313635774,676.5669731834814
NGexp12,light,40,pupil_diameter_mm,NGexp12-260706-140202_pupil_anesthesia-260706-150055,stim_01,ok,,0.48852194154419887,-0.07229333215882949,1.0,52.71896120934219,169.4158200045095,1235.8534927858843
NGexp13,light,100,respiration_resp_bpm,NGexp13-260629-144155_pupil_anesthesia-260629-152742,stim_07,ok,,0.48798546440186213,0.05503047700820611,0.9985734664764622,25.450288854154238,41.4334997790908,341.7020424739879
NGexp12,light,40,rr_variability_ms,NGexp12-260706-140202_pupil_anesthesia-260706-150055,stim_07,ok,,0.4835080110258935,0.3387801433334263,0.9985734664764622,21.7940099743192,44.37908165482803,319.93633286561527
NGexp13,light,100,rr_variability_ms,NGexp13-260629-144155_pupil_anesthesia-260629-152742,stim_07,ok,,0.4831673745856517,0.4175111759471065,0.9985734664764622,45.53061558587222,66.91269325760223,610.4009179676787
NGexp13,light,40,rr_variability_ms,NGexp13-260629-144155_pupil_anesthesia-260706-165443,stim_00,ok,,0.47805400494651784,0.0,0.9472182596291013,40.14899963030373,77.2937543091654,585.4861501544261
NGexp10,light,40,hrv_sdnn_ms,NGexp10-260610-112701_pupil_anesthesia-260705-161427,stim_06,ok,,0.4779385247732338,0.48523177263019257,0.9985734664764622,-0.0651188657653511,-0.6465858688443256,-7.499103953439085
NGexp9,light,40,rr_variability_ms,NGexp9-260607-162633_pupil_anesthesia-260630-152605,stim_08,ok,,0.4775521245178023,-0.12294299945618946,0.8716119828815977,4.659927416325776,17.222195628844563,233.53460964884064
NGexp9,light,40,pupil_diameter_mm,NGexp9-260607-162633_pupil_anesthesia-260705-130101,stim_03,ok,,0.4773206395910907,-0.015275750521727647,1.0,63.27566799859894,122.99972644062404,894.5480791103029
NGexp13,deep,40,eeg_rel_delta,NGexp13-260629-144155_pupil_anesthesia-260629-161150,stim_08,ok,,0.47625327903861087,-0.11749799788631858,1.0,-0.2403721228179952,-0.6096126189024161,-4.118617195671989
NGexp10,deep,100,rr_variability_ms,NGexp10-260610-112701_pupil_anesthesia-260630-114842,stim_10,ok,,0.47489153116395083,0.009240318537180568,0.9985734664764622,36.91702099932373,54.10150222550615,651.0062306180192
NGexp10,light,100,eeg_rel_delta,NGexp10-260610-112701_pupil_anesthesia-260630-104745,stim_11,ok,,0.4740541747757117,0.0,1.0,-0.1622734737578084,-0.4875834264578677,-0.2061418763626799
NGexp10,deep,40,eeg_rel_delta,NGexp10-260610-112701_pupil_anesthesia-260705-165436,stim_00,ok,,0.4740400814073467,0.44137533174786586,1.0,-0.3520424404219442,-0.7486716394925691,-7.284156431444543
NGexp12,light,100,hrv_sdnn_ms,NGexp12-260706-140202_pupil_anesthesia-260706-142109,stim_05,ok,,0.47259252603643814,0.0,0.9985734664764622,1.9472216300579013,2.8305031022193883,29.50151078557761
NGexp10,deep,40,hrv_sdnn_ms,NGexp10-260610-112701_pupil_anesthesia-260705-165436,stim_11,ok,,0.46955641529718256,0.5972625698591392,1.0,1.234401109822223,2.447484982291109,-2.2527371122058035
NGexp10,deep,100,rr_variability_ms,NGexp10-260610-112701_pupil_anesthesia-260705-165436,stim_06,ok,,0.46599094711466177,-0.02585005462051399,0.9985734664764622,71.04968308858193,100.94374468631086,1128.5536677450127
NGexp12,light,40,eeg_rel_delta,NGexp12-260706-140202_pupil_anesthesia-260706-150055,stim_00,ok,,0.4655932711494074,-0.4043427379427987,1.0,-0.0808343729248658,-0.4727338093427675,-3.1369303676863347
NGexp13,deep,40,rr_variability_ms,NGexp13-260629-144155_pupil_anesthesia-260629-161150,stim_07,ok,,0.4607689272052884,-0.08165790679453959,1.0,71.63639127891571,101.47564605163862,1033.0691634504203
NGexp13,deep,40,respiration_resp_bpm,NGexp13-260629-144155_pupil_anesthesia-260706-173532,stim_03,ok,,0.459791124610035,-0.0771950594526455,1.0,43.34560915939708,76.6852809204875,1031.2759359575505
NGexp9,deep,40,eeg_bsr,NGexp9-260607-162633_pupil_anesthesia-260705-150656,stim_02,ok,,0.4596881717643586,0.5112452076441266,1.0,0.2163157441860465,0.622,8.9566096
NGexp10,deep,100,heart_rate_hr_bpm,NGexp10-260610-112701_pupil_anesthesia-260630-114842,stim_02,ok,,0.45877350603669026,-0.11789583017479435,1.0,2.0083352167154227,3.2234600867970538,71.41615813965886
NGexp9,deep,40,pupil_diameter_mm,NGexp9-260607-162633_pupil_anesthesia-260705-150656,stim_02,ok,,0.45856671423179196,0.26873792042210515,0.9985734664764622,45.87314516135831,55.901472801750806,982.0093025482576
NGexp13,deep,100,pupil_diameter_mm,NGexp13-260629-144155_pupil_anesthesia-260706-173532,stim_02,ok,,0.45819970464159226,0.0,1.0,23.81346923660286,32.09227317256927,667.197610466476
NGexp9,light,100,heart_rate_hr_bpm,NGexp9-260607-162633_pupil_anesthesia-260705-130101,stim_08,ok,,0.45756690811050227,0.06619791176126671,0.9985734664764622,2.179704551659849,3.53814170357334,46.75768338155113
NGexp10,deep,100,eeg_rel_delta,NGexp10-260610-112701_pupil_anesthesia-260630-114842,stim_02,ok,,0.4562121182105403,-0.6912677443638177,1.0,-0.3030473507767927,-0.6734201084980508,-4.028119824045537
NGexp13,deep,40,pupil_diameter_mm,NGexp13-260629-144155_pupil_anesthesia-260706-173532,stim_08,ok,,0.4548691047996002,-0.02652456940161965,0.9985734664764622,33.012611037156255,53.58257481592449,685.1780175239733
NGexp9,light,100,pupil_diameter_mm,NGexp9-260607-162633_pupil_anesthesia-260705-130101,stim_09,ok,,0.45426552605810394,0.0,0.9985734664764622,3.939851044896153,6.373653204305482,43.558393224432834
NGexp9,light,40,pupil_diameter_mm,NGexp9-260607-162633_pupil_anesthesia-260705-130101,stim_05,ok,,0.4487851021322174,0.027132897139460967,0.9985734664764622,48.56503284505318,73.03360878867178,778.0561133627729
NGexp12,light,100,heart_rate_hr_bpm,NGexp12-260706-140202_pupil_anesthesia-260706-150055,stim_10,ok,,0.44798453441171804,0.43347544330126364,1.0,-1.9761461497174213,-9.185947156907224,10.806687305215016
NGexp10,light,100,eeg_rel_delta,NGexp10-260610-112701_pupil_anesthesia-260705-161427,stim_02,ok,,0.445718101734803,1.5508552601247754,1.0,0.0072245546768251,-0.4108956645782292,-1.396774286941577
NGexp9,light,100,heart_rate_hr_bpm,NGexp9-260607-162633_pupil_anesthesia-260705-130101,stim_06,ok,,0.4443728015073772,0.4119679219465279,1.0,3.1306961846741355,5.50538051629447,25.867241363858813
NGexp10,light,100,heart_rate_hr_bpm,NGexp10-260610-112701_pupil_anesthesia-260705-161427,stim_00,ok,,0.4436963607434478,0.5140998162735004,1.0,1.2360644389155857,2.6924550269298764,49.58319089110529
NGexp10,deep,100,eeg_bsr,NGexp10-260610-112701_pupil_anesthesia-260705-165436,stim_09,ok,,0.4429514698468115,0.493489344107036,1.0,0.2530734651162791,0.96657,13.809592999999998
NGexp13,deep,40,rr_variability_ms,NGexp13-260629-144155_pupil_anesthesia-260706-173532,stim_03,ok,,0.44289841951796527,-0.014338692408320896,1.0,107.95608697635502,145.7311696416887,1221.6269355435932
NGexp10,deep,40,pupil_diameter_mm,NGexp10-260610-112701_pupil_anesthesia-260630-114842,stim_08,ok,,0.44088891075633985,-0.014685204864564098,1.0,35.294247592652624,47.864231466347086,707.9092162145432
NGexp13,light,40,rr_variability_ms,NGexp13-260629-144155_pupil_anesthesia-260706-165443,stim_09,ok,,0.43991819897336004,-0.15758925900735493,0.9985734664764622,30.959693068793293,46.12433494126287,273.50233948922704
NGexp9,deep,40,eeg_bsr,NGexp9-260607-162633_pupil_anesthesia-260705-150656,stim_04,ok,,0.43722419006037383,0.5632437716072191,1.0,0.0115698372093023,0.5714199999999999,7.054429800000001
NGexp12,light,40,pupil_diameter_mm,NGexp12-260706-140202_pupil_anesthesia-260706-142109,stim_08,ok,,0.4371106847931077,-0.015330073644683454,1.0,75.68793514317436,103.36982702051634,2191.0767955393994
NGexp13,deep,100,heart_rate_hr_bpm,NGexp13-260629-144155_pupil_anesthesia-260706-173532,stim_07,ok,,0.4361680551967717,0.4850897678963429,1.0,0.335266192232974,1.4524091655488776,7.087099944147488
NGexp13,light,100,hrv_sdnn_ms,NGexp13-260629-144155_pupil_anesthesia-260629-152742,stim_03,ok,,0.43613303178350876,0.012987936409006997,1.0,0.680436230178776,1.2413004258109004,-1.6688921418244869
NGexp9,deep,100,eeg_bsr,NGexp9-260607-162633_pupil_anesthesia-260705-150656,stim_06,ok,,0.43444401647675324,0.608707154860349,1.0,0.0835137209302325,0.4426,6.445899799999999
NGexp13,light,40,heart_rate_hr_bpm,NGexp13-260629-144155_pupil_anesthesia-260706-165443,stim_11,ok,,0.4306040256499321,-0.030663940686504233,1.0,0.6782103943573641,2.6208742754307126,-8.074333851772703
NGexp9,light,40,respiration_resp_bpm,NGexp9-260607-162633_pupil_anesthesia-260705-130101,stim_00,ok,,0.4304272235569848,0.1473199808925908,0.9985734664764622,19.63601345413717,36.89157265174512,429.7867310612761
NGexp10,deep,40,eeg_bsr,NGexp10-260610-112701_pupil_anesthesia-260705-165436,stim_03,ok,,0.424088364890568,0.7127186500154802,1.0,0.183366441860465,0.5776,8.366225400000001
NGexp9,light,40,hrv_sdnn_ms,NGexp9-260607-162633_pupil_anesthesia-260705-130101,stim_00,ok,,0.4238964266933902,-0.14076280635361124,0.9985734664764622,1.5870328566009004,2.381948773928034,25.92525523881212
NGexp9,deep,40,eeg_rel_delta,NGexp9-260607-162633_pupil_anesthesia-260630-162920,stim_01,ok,,0.42216231948969224,0.8928807527036839,1.0,-0.1110242329167129,-0.7386884732623368,-2.74887736119066
NGexp9,light,100,respiration_resp_bpm,NGexp9-260607-162633_pupil_anesthesia-260705-130101,stim_06,ok,,0.4197542233659237,-0.08514900349325534,1.0,20.270602945784752,31.29951610268368,295.35946759671566
NGexp10,deep,40,eeg_bsr,NGexp10-260610-112701_pupil_anesthesia-260705-165436,stim_00,ok,,0.419674869059064,-0.6745,1.0,0.2173194651162791,0.5476,6.701777000000001
NGexp9,deep,100,hrv_sdnn_ms,NGexp9-260607-162633_pupil_anesthesia-260705-150656,stim_08,ok,,0.4191655280742192,-0.03760568475924321,1.0,0.4797713699398516,0.6233076675024228,4.940703112313511
NGexp10,light,100,pupil_diameter_mm,NGexp10-260610-112701_pupil_anesthesia-260705-161427,stim_02,ok,,0.41759137267694574,0.12666857709549217,0.9985734664764622,17.949172781496205,44.56151754195714,-150.0575762693928
NGexp13,deep,100,hrv_sdnn_ms,NGexp13-260629-144155_pupil_anesthesia-260629-161150,stim_03,ok,,0.4146836137458582,0.4914377844391772,1.0,0.6913402195112348,1.0211599803369462,0.1299419883571815
NGexp13,light,100,heart_rate_hr_bpm,NGexp13-260629-144155_pupil_anesthesia-260629-152742,stim_07,ok,,0.4144949097492668,0.1669122773828908,0.9985734664764622,1.363022934556603,3.751541797714376,-14.170369337177409
NGexp13,light,100,eeg_rel_delta,NGexp13-260629-144155_pupil_anesthesia-260706-165443,stim_10,ok,,0.4100039397268996,-0.8084449946508067,1.0,-0.1358820050396116,-0.4946505013657949,-4.085638102822182
NGexp10,deep,100,respiration_resp_bpm,NGexp10-260610-112701_pupil_anesthesia-260630-114842,stim_10,ok,,0.4096809550423755,-0.007017983439975545,0.9985734664764622,16.253244878713502,29.351337733981964,178.68516098507507
NGexp13,light,40,heart_rate_hr_bpm,NGexp13-260629-144155_pupil_anesthesia-260706-165443,stim_06,ok,,0.409628760911594,0.0033591367929069493,0.9985734664764622,1.2287469804517013,2.6897444971494284,50.89050860954418
NGexp9,deep,100,eeg_bsr,NGexp9-260607-162633_pupil_anesthesia-260705-150656,stim_03,ok,,0.40845583038954325,0.34637683875503694,1.0,0.1007286744186046,0.7864,9.0547236
NGexp10,deep,100,eeg_rel_delta,NGexp10-260610-112701_pupil_anesthesia-260630-114842,stim_10,ok,,0.40757067704018607,0.6577322556361823,1.0,-0.1678694081078607,-0.484218759791462,-2.9833153413492752
NGexp9,light,100,pupil_diameter_mm,NGexp9-260607-162633_pupil_anesthesia-260630-152605,stim_10,ok,,0.4058048517369014,-0.057277089501660806,0.9985734664764622,27.49026505388563,32.75548331358307,679.0328109777352
NGexp12,deep,100,eeg_rel_delta,NGexp12-260706-140202_pupil_anesthesia-260706-153452,stim_04,ok,,0.40520894781180045,0.07941609140609188,1.0,-0.0453392306143,-0.4908199379580296,-0.91198899420975
NGexp13,deep,40,heart_rate_hr_bpm,NGexp13-260629-144155_pupil_anesthesia-260706-173532,stim_11,ok,,0.40517874996048525,-0.34571761167846593,1.0,-0.6010077908584434,-1.849423667540371,-20.464844161567925
NGexp13,deep,40,hrv_sdnn_ms,NGexp13-260629-144155_pupil_anesthesia-260629-161150,stim_11,ok,,0.4035210535003015,0.33960409395191543,1.0,1.0940826790301703,1.759216422593557,9.219692580373923
NGexp13,deep,40,pupil_diameter_mm,NGexp13-260629-144155_pupil_anesthesia-260706-173532,stim_04,ok,,0.40090476076636494,-0.007907844485953578,0.9985734664764622,30.625571431207405,54.020425185732925,739.270009750561
NGexp10,deep,100,hrv_sdnn_ms,NGexp10-260610-112701_pupil_anesthesia-260705-165436,stim_06,ok,,0.40057703433391606,-0.2590332699884841,0.9985734664764622,0.7178925089464578,1.5371872405628904,4.5361094685413
NGexp12,deep,100,heart_rate_hr_bpm,NGexp12-260706-140202_pupil_anesthesia-260706-153452,stim_08,ok,,0.3981522297133829,0.0,0.9985734664764622,2.0413139717570865,-7.108730638278233,-1.214642067849084
NGexp9,deep,100,pupil_diameter_mm,NGexp9-260607-162633_pupil_anesthesia-260705-150656,stim_06,ok,,0.39795243786450185,0.4089767489930893,1.0,26.77400542206299,32.870833833125914,606.1153484402644
NGexp13,deep,40,rr_variability_ms,NGexp13-260629-144155_pupil_anesthesia-260706-173532,stim_11,ok,,0.3970855815026663,0.014338692408320896,0.8017118402282454,106.0971258453678,140.048533857626,1002.284600019892
NGexp9,light,100,pupil_diameter_mm,NGexp9-260607-162633_pupil_anesthesia-260630-152605,stim_11,ok,,0.39607842937862875,0.015203025784533681,0.9985734664764622,27.17144464299845,33.973117225698665,498.89844681997806
NGexp13,light,40,respiration_resp_bpm,NGexp13-260629-144155_pupil_anesthesia-260706-165443,stim_11,ok,,0.3959161877650133,0.12934472628116464,1.0,17.358981407117202,36.22821043245453,256.5381440748148
NGexp9,deep,40,heart_rate_hr_bpm,NGexp9-260607-162633_pupil_anesthesia-260630-162920,stim_11,ok,,0.39308673193572885,-0.010916280953906836,1.0,-0.0014485079556393,-1.8219747924444831,-22.460599784917
NGexp9,deep,100,eeg_rel_delta,NGexp9-260607-162633_pupil_anesthesia-260705-150656,stim_08,ok,,0.3930176996833276,0.04739645709042616,1.0,-0.1467447387684567,-0.5432752811370122,-2.837109484981378
NGexp10,light,40,pupil_diameter_mm,NGexp10-260610-112701_pupil_anesthesia-260630-104745,stim_06,ok,,0.39018485187936625,-0.1572784938071809,0.9985734664764622,25.604332589668164,33.80557898654013,801.2178540461653
NGexp13,light,100,respiration_resp_bpm,NGexp13-260629-144155_pupil_anesthesia-260706-165443,stim_02,ok,,0.38936247521899825,0.08878468680233463,0.9985734664764622,5.356096952122462,15.568204335621772,72.82737838472593
NGexp13,light,100,pupil_diameter_mm,NGexp13-260629-144155_pupil_anesthesia-260629-152742,stim_11,ok,,0.38800688491729046,0.0004466804918752059,0.9985734664764622,55.93602718198698,83.72791464297744,1100.2016464875958
NGexp10,deep,100,respiration_resp_bpm,NGexp10-260610-112701_pupil_anesthesia-260705-165436,stim_06,ok,,0.3867984285933832,0.04843110661398714,0.9985734664764622,34.89478195795284,54.10211953499767,531.4456357093708
NGexp10,deep,100,rr_variability_ms,NGexp10-260610-112701_pupil_anesthesia-260705-165436,stim_01,ok,,0.38490793620226094,-0.009240318537180568,0.9985734664764622,71.80535928003783,94.57209331654296,1030.7953413132934
NGexp9,deep,100,hrv_sdnn_ms,NGexp9-260607-162633_pupil_anesthesia-260630-162920,stim_05,ok,,0.38465593675540544,0.11909568634958717,1.0,-0.0862692630785298,0.8824311135945221,0.2544468107613817
NGexp10,deep,100,hrv_sdnn_ms,NGexp10-260610-112701_pupil_anesthesia-260630-114842,stim_10,ok,,0.3845786887239768,0.4831975659461982,0.9985734664764622,-0.0084868236715119,0.3667927420429958,0.5969391559417699
NGexp13,deep,100,pupil_diameter_mm,NGexp13-260629-144155_pupil_anesthesia-260629-161150,stim_04,ok,,0.3827902615441277,-0.020127274255705686,0.9985734664764622,51.21019272459553,105.11233346113264,886.1616944910238
NGexp9,light,100,heart_rate_hr_bpm,NGexp9-260607-162633_pupil_anesthesia-260705-130101,stim_10,ok,,0.3786177816220306,0.0,1.0,2.988669053728581,5.278699754733566,14.64710511828315
NGexp13,deep,100,eeg_rel_delta,NGexp13-260629-144155_pupil_anesthesia-260706-173532,stim_05,ok,,0.3782990525442098,-0.6745,1.0,-0.0341415232623009,-0.6440958973140595,-1.0193872884244468
NGexp13,light,100,respiration_resp_bpm,NGexp13-260629-144155_pupil_anesthesia-260706-165443,stim_10,ok,,0.3774284986311468,0.008476775820630675,1.0,7.081240630878054,21.18166886001798,-26.936936874186728
NGexp13,light,40,rr_variability_ms,NGexp13-260629-144155_pupil_anesthesia-260629-152742,stim_09,ok,,0.37722853838250114,0.6512734428560291,1.0,49.225580157408274,68.66832970488434,705.6201057950963
NGexp10,light,100,rr_variability_ms,NGexp10-260610-112701_pupil_anesthesia-260705-161427,stim_01,ok,,0.377124841064275,0.14096650537086036,1.0,32.378819515676454,42.453851003529536,473.91801264135546
NGexp9,deep,40,eeg_bsr,NGexp9-260607-162633_pupil_anesthesia-260705-150656,stim_10,ok,,0.3768286982645425,0.5271846727903762,1.0,0.0387933720930232,0.7958,9.1945163
NGexp9,deep,40,pupil_diameter_mm,NGexp9-260607-162633_pupil_anesthesia-260705-150656,stim_05,ok,,0.37488584134114844,0.2018544241325188,0.9985734664764622,43.13018692906425,56.80649676412106,1016.007521437695
NGexp13,deep,100,pupil_diameter_mm,NGexp13-260629-144155_pupil_anesthesia-260706-173532,stim_07,ok,,0.36920022099113864,-0.0017395391213929922,1.0,26.730765124134496,45.32876731937239,636.5024281218269
NGexp12,light,100,heart_rate_hr_bpm,NGexp12-260706-140202_pupil_anesthesia-260706-142109,stim_05,ok,,0.3672686439614376,-0.08346439957612174,0.9985734664764622,-0.3329375320070353,-9.09726561067703,58.786336391023006
NGexp9,deep,100,respiration_resp_bpm,NGexp9-260607-162633_pupil_anesthesia-260705-150656,stim_06,ok,,0.3668851065094386,-0.022481390741460258,1.0,30.047188400857287,58.83082313969471,417.7129551140061
NGexp9,deep,40,respiration_resp_bpm,NGexp9-260607-162633_pupil_anesthesia-260705-150656,stim_10,ok,,0.36536140735064904,-0.18372869292775904,0.9985734664764622,30.126330475705576,56.09513836064736,435.7101694228103
NGexp13,deep,100,respiration_resp_bpm,NGexp13-260629-144155_pupil_anesthesia-260629-161150,stim_05,ok,,0.3651753291155447,0.0,1.0,44.72410263226218,70.44104183542933,851.1411966552679
NGexp9,light,40,heart_rate_hr_bpm,NGexp9-260607-162633_pupil_anesthesia-260630-152605,stim_08,ok,,0.36445614395334547,-0.18102798325217961,0.9985734664764622,1.3412072123173038,2.616818419153817,14.79714975558179
NGexp13,deep,100,pupil_diameter_mm,NGexp13-260629-144155_pupil_anesthesia-260706-173532,stim_09,ok,,0.3599328562502587,0.07684283366030534,1.0,28.883999179712287,39.34764298814272,934.677067470695
NGexp9,deep,100,heart_rate_hr_bpm,NGexp9-260607-162633_pupil_anesthesia-260630-162920,stim_09,ok,,0.3594000264734996,-0.03617051210433631,1.0,-0.2158056559488041,-1.9155738723359303,-9.372957199261762
NGexp13,light,100,respiration_resp_bpm,NGexp13-260629-144155_pupil_anesthesia-260706-165443,stim_01,ok,,0.3581168513530704,-0.013135019903409635,0.9985734664764622,5.647330967187891,21.079227435220453,115.92799287177012
NGexp13,light,100,hrv_sdnn_ms,NGexp13-260629-144155_pupil_anesthesia-260629-152742,stim_02,ok,,0.35798389155002214,0.008777016775048215,1.0,0.5956074116136643,0.9184432935110154,3.7813608013707727
NGexp10,deep,40,eeg_rel_delta,NGexp10-260610-112701_pupil_anesthesia-260705-165436,stim_11,ok,,0.3579685582779185,-0.9354285299230651,1.0,-0.3791765375986214,-0.7261346854230957,-5.575078131622883
NGexp12,light,100,hrv_sdnn_ms,NGexp12-260706-140202_pupil_anesthesia-260706-150055,stim_05,ok,,0.3568187604606323,-0.07152870109439342,1.0,1.8887452444536543,2.3984371542095104,27.795868751694314
NGexp10,light,100,pupil_diameter_mm,NGexp10-260610-112701_pupil_anesthesia-260705-161427,stim_10,ok,,0.35558856727261784,-0.01966952115985821,0.9985734664764622,5.057111080441929,12.46948921942406,0.8304354433843955
NGexp12,light,100,respiration_resp_bpm,NGexp12-260706-140202_pupil_anesthesia-260706-150055,stim_10,ok,,0.35557105286077273,0.4719236317648885,1.0,4.007810230410757,20.58354305132477,-120.92464226871591
NGexp10,light,40,respiration_resp_bpm,NGexp10-260610-112701_pupil_anesthesia-260630-104745,stim_06,ok,,0.354576539853769,0.0,0.9985734664764622,12.9719099482464,22.40722560488425,370.1756452897573
NGexp12,light,100,rr_variability_ms,NGexp12-260706-140202_pupil_anesthesia-260706-142109,stim_06,ok,,0.3528986954709155,0.024273809365624305,0.9985734664764622,25.2276737300032,32.794986342734376,358.7272804885167
NGexp9,deep,40,eeg_bsr,NGexp9-260607-162633_pupil_anesthesia-260630-162920,stim_07,ok,,0.35254635028991427,1.2646038845014766,1.0,0.1918575581395348,0.775,4.376
NGexp12,deep,100,pupil_diameter_mm,NGexp12-260706-140202_pupil_anesthesia-260706-153452,stim_08,ok,,0.3521412059058274,0.07909402796667554,0.9985734664764622,20.0827949574133,36.74464861031984,-77.37909482825265
NGexp10,deep,100,rr_variability_ms,NGexp10-260610-112701_pupil_anesthesia-260705-165436,stim_05,ok,,0.35204190672869184,0.34363415496211297,0.9985734664764622,68.81262730486576,95.9154457336657,1031.458868164822
NGexp9,deep,40,heart_rate_hr_bpm,NGexp9-260607-162633_pupil_anesthesia-260705-150656,stim_05,ok,,0.3519129750538938,-0.19069859547759052,0.9985734664764622,0.7365954200389325,2.5862663944338293,0.0812815239752415
NGexp13,deep,100,eeg_rel_delta,NGexp13-260629-144155_pupil_anesthesia-260706-173532,stim_01,ok,,0.3485800105145964,-0.8894062346347638,1.0,0.0300957081077321,-0.4671668288711791,-1.08507997830087
NGexp9,deep,40,respiration_resp_bpm,NGexp9-260607-162633_pupil_anesthesia-260630-162920,stim_01,ok,,0.34739552730252693,0.03885569131511907,0.9985734664764622,20.27861019212004,44.19874591605769,487.9755698122366
NGexp9,light,100,heart_rate_hr_bpm,NGexp9-260607-162633_pupil_anesthesia-260705-130101,stim_09,ok,,0.34571281522440533,0.029165424685493987,0.9985734664764622,2.9175961838630813,4.78071802299056,35.7872999216741
NGexp9,deep,100,pupil_diameter_mm,NGexp9-260607-162633_pupil_anesthesia-260630-162920,stim_09,ok,,0.34513627810534897,-0.025823424572107644,1.0,16.20821190091113,58.37305025980108,207.22158699176103
NGexp10,light,40,heart_rate_hr_bpm,NGexp10-260610-112701_pupil_anesthesia-260705-161427,stim_06,ok,,0.3420956437761028,0.36649075466233816,0.9985734664764622,-0.0186009417586883,3.714013756218831,52.71102741003013
NGexp10,deep,100,eeg_bsr,NGexp10-260610-112701_pupil_anesthesia-260705-165436,stim_01,ok,,0.3417064242052654,0.6054597077854972,1.0,0.1711280697674418,0.7694,13.0396284
NGexp12,light,40,eeg_bsr,NGexp12-260706-140202_pupil_anesthesia-260706-142109,stim_08,ok,,0.3412788210697745,1.0250915258093736,1.0,0.0,0.3558,2.688571
NGexp9,deep,100,heart_rate_hr_bpm,NGexp9-260607-162633_pupil_anesthesia-260705-150656,stim_06,ok,,0.3391042210878959,0.2363831598793649,1.0,0.1537420034970995,-5.159693497303261,-0.529098745640515
NGexp10,deep,40,rr_variability_ms,NGexp10-260610-112701_pupil_anesthesia-260705-165436,stim_03,ok,,0.33559726600519557,0.48901651398368606,0.9985734664764622,45.24533599933079,79.56048786713257,510.4654921245469
NGexp12,deep,100,eeg_rel_delta,NGexp12-260706-140202_pupil_anesthesia-260706-153452,stim_08,ok,,0.335032829183876,0.0,1.0,-0.1817529114459623,-0.6209984079167025,-2.8301798961832936
NGexp10,deep,100,respiration_resp_bpm,NGexp10-260610-112701_pupil_anesthesia-260705-165436,stim_05,ok,,0.33430873831065666,0.007017983439975523,0.9985734664764622,33.17670170680952,55.88474815756871,481.4212121892045
NGexp9,light,40,rr_variability_ms,NGexp9-260607-162633_pupil_anesthesia-260705-130101,stim_03,ok,,0.33400390104408567,-0.13775779434677213,1.0,15.46712981439825,24.75916265057276,161.6520249102763
NGexp13,deep,100,respiration_resp_bpm,NGexp13-260629-144155_pupil_anesthesia-260706-173532,stim_05,ok,,0.33371283870847845,-0.036451337625317784,0.9985734664764622,30.21204036884548,60.44621319170516,453.4044318943557
NGexp13,light,100,respiration_resp_bpm,NGexp13-260629-144155_pupil_anesthesia-260706-165443,stim_03,ok,,0.33174292708428876,-0.079812924230115,0.9985734664764622,7.076600561917542,17.800661460387776,191.3948706059197
NGexp13,light,40,eeg_rel_delta,NGexp13-260629-144155_pupil_anesthesia-260706-165443,stim_04,ok,,0.33131253100694047,-0.20234350504237014,1.0,-0.173310749099171,-0.4268079244895236,-1.2229313394952035
NGexp10,light,100,hrv_sdnn_ms,NGexp10-260610-112701_pupil_anesthesia-260705-161427,stim_07,ok,,0.3309198745948779,0.24782152281768324,0.9985734664764622,0.4232703332909582,0.8038765027667983,7.583860663859785
NGexp9,deep,40,heart_rate_hr_bpm,NGexp9-260607-162633_pupil_anesthesia-260705-150656,stim_10,ok,,0.3308737193180843,0.010485585140664489,0.9985734664764622,0.8344503220461877,2.452531800808387,24.78370164946894
NGexp10,deep,100,rr_variability_ms,NGexp10-260610-112701_pupil_anesthesia-260630-114842,stim_02,ok,,0.32766938047809374,-0.12208720892815324,1.0,43.56104402536715,58.45146718558887,733.467911270599
NGexp9,deep,100,rr_variability_ms,NGexp9-260607-162633_pupil_anesthesia-260705-150656,stim_06,ok,,0.32760316738238726,0.06686369728056589,1.0,88.53154364258745,122.22387028567928,1252.554236576446
NGexp9,deep,100,rr_variability_ms,NGexp9-260607-162633_pupil_anesthesia-260705-150656,stim_08,ok,,0.32760316738238726,0.10588556486381782,0.9957203994293866,66.10478477776272,88.64759362398709,906.0726502163814
NGexp12,light,40,eeg_bsr,NGexp12-260706-140202_pupil_anesthesia-260706-142109,stim_11,ok,,0.32701777398252085,-0.4681123143225454,1.0,0.0746511627906976,0.1306,1.295
NGexp12,light,100,hrv_sdnn_ms,NGexp12-260706-140202_pupil_anesthesia-260706-150055,stim_04,ok,,0.3269097259029093,0.7551446103899722,0.9985734664764622,1.8323748583341144,2.3067735239629745,27.043041716805075
NGexp10,deep,40,eeg_rel_delta,NGexp10-260610-112701_pupil_anesthesia-260705-165436,stim_10,ok,,0.32653405359378607,0.0,1.0,-0.2893627628040806,-0.668403440247909,-4.397810033336514
NGexp13,deep,40,respiration_resp_bpm,NGexp13-260629-144155_pupil_anesthesia-260629-161150,stim_07,ok,,0.32597855162143907,0.019036406530103314,1.0,33.311613358717004,57.784811605646624,524.3102429577524
NGexp10,light,100,rr_variability_ms,NGexp10-260610-112701_pupil_anesthesia-260705-161427,stim_00,ok,,0.32563387175619857,0.1193321094212338,1.0,29.0082097993323,34.503743595466084,466.50217296349103
NGexp10,deep,40,rr_variability_ms,NGexp10-260610-112701_pupil_anesthesia-260705-165436,stim_11,ok,,0.3249996443173814,0.014769550941137813,1.0,47.24145190046647,75.19836522072018,859.7976845785404
NGexp10,light,100,heart_rate_hr_bpm,NGexp10-260610-112701_pupil_anesthesia-260630-104745,stim_04,ok,,0.32483546401810104,-0.17181177816584706,1.0,-0.1842252968228409,-0.6609697560449456,-4.349908005238268
NGexp12,light,100,pupil_diameter_mm,NGexp12-260706-140202_pupil_anesthesia-260706-142109,stim_06,ok,,0.3235790880613012,-0.02237542630980977,0.9985734664764622,58.270410030611934,99.78888960166984,1252.2304161813086
NGexp13,light,100,eeg_rel_delta,NGexp13-260629-144155_pupil_anesthesia-260706-165443,stim_03,ok,,0.32223503212673604,0.6428012662575581,1.0,-0.2300943480077624,-0.4897634326456567,-1.9878637548456528
NGexp12,light,40,hrv_sdnn_ms,NGexp12-260706-140202_pupil_anesthesia-260706-142109,stim_09,ok,,0.32201309717512944,0.010813075569705902,1.0,1.5708734416459944,2.005259144336642,27.398103327958427
NGexp9,deep,40,heart_rate_hr_bpm,NGexp9-260607-162633_pupil_anesthesia-260705-150656,stim_04,ok,,0.32186200159299916,-0.20569252235329058,0.9985734664764622,0.0490366238325821,-1.6965382745307145,-8.994433346750785
NGexp9,deep,40,eeg_bsr,NGexp9-260607-162633_pupil_anesthesia-260705-150656,stim_09,ok,,0.3204392378866346,-0.3060464887558714,1.0,0.0662701395348837,0.5114,5.8972902000000005
NGexp9,light,40,rr_variability_ms,NGexp9-260607-162633_pupil_anesthesia-260705-130101,stim_05,ok,,0.3195403383630743,0.24752334194010853,0.9985734664764622,25.68619162970135,43.16861857576588,447.3394118534141
NGexp13,deep,40,heart_rate_hr_bpm,NGexp13-260629-144155_pupil_anesthesia-260706-173532,stim_04,ok,,0.3187559797837601,-0.24116536911122985,0.9985734664764622,0.8463399697647327,1.943619053135624,2.7129298021492136
NGexp13,light,40,respiration_resp_bpm,NGexp13-260629-144155_pupil_anesthesia-260706-165443,stim_05,ok,,0.31768363522855225,-0.05165304466675799,1.0,15.279852906475863,26.726815803420383,318.74188464613474
NGexp9,deep,40,heart_rate_hr_bpm,NGexp9-260607-162633_pupil_anesthesia-260705-150656,stim_02,ok,,0.316811633294084,1.179818725805674,0.9985734664764622,-0.0908099108094967,-1.4181020048132786,-17.107857964961063
NGexp13,deep,100,hrv_sdnn_ms,NGexp13-260629-144155_pupil_anesthesia-260706-173532,stim_05,ok,,0.31677941355343925,-0.040377851680846635,0.9985734664764622,-0.0052326726934402,-0.1260992129104001,-0.6933528792063905
NGexp9,deep,100,respiration_resp_bpm,NGexp9-260607-162633_pupil_anesthesia-260630-162920,stim_04,ok,,0.3160058733941133,0.0,1.0,15.408800424140752,34.290070317011754,186.50419383414447
NGexp12,light,40,eeg_rel_delta,NGexp12-260706-140202_pupil_anesthesia-260706-150055,stim_07,ok,,0.3159127638800174,-0.7184140758402474,1.0,-0.1442704272728744,-0.5611984715951641,-2.597280416313155
NGexp10,deep,40,respiration_resp_bpm,NGexp10-260610-112701_pupil_anesthesia-260630-114842,stim_00,ok,,0.3133235023510483,-0.0718735664133911,1.0,29.230784561546724,42.4118526428102,584.9323072655276
NGexp9,light,40,hrv_sdnn_ms,NGexp9-260607-162633_pupil_anesthesia-260630-152605,stim_00,ok,,0.3129165007704383,0.0,1.0,1.4627904505856273,2.233736926816004,22.14993715877364
NGexp13,deep,100,eeg_rel_delta,NGexp13-260629-144155_pupil_anesthesia-260706-173532,stim_10,ok,,0.30974219829779603,-0.4303122721488816,1.0,-0.0788458144604355,-0.612032110012412,-2.133011031816116
NGexp9,light,100,rr_variability_ms,NGexp9-260607-162633_pupil_anesthesia-260630-152605,stim_11,ok,,0.3089729484759868,0.05551856549282477,0.9985734664764622,23.60656151403861,31.763376586601314,345.5617536956038
NGexp9,light,100,eeg_rel_delta,NGexp9-260607-162633_pupil_anesthesia-260705-130101,stim_01,ok,,0.30746162770989893,0.07000386107764812,1.0,0.0267862982050377,0.442967763715091,1.2635131711781125
NGexp10,light,100,hrv_sdnn_ms,NGexp10-260610-112701_pupil_anesthesia-260705-161427,stim_00,ok,,0.30728281933677093,0.26293373983685253,1.0,-0.0597498741128243,-0.2742172261798359,-3.86829778293724
NGexp10,light,100,rr_variability_ms,NGexp10-260610-112701_pupil_anesthesia-260630-104745,stim_01,ok,,0.305929485522532,-0.16188905316851232,0.9985734664764622,28.616784399050324,40.19946710170954,358.5228701410722
NGexp9,deep,100,eeg_bsr,NGexp9-260607-162633_pupil_anesthesia-260705-150656,stim_07,ok,,0.30420912368179986,0.0,1.0,0.0956077906976744,0.64453,9.4709248
NGexp13,light,40,hrv_sdnn_ms,NGexp13-260629-144155_pupil_anesthesia-260706-165443,stim_04,ok,,0.30339310778639617,0.0,0.9985734664764622,0.1180008128812966,0.1675283930014885,2.3270358995703946
NGexp10,deep,100,heart_rate_hr_bpm,NGexp10-260610-112701_pupil_anesthesia-260630-114842,stim_11,ok,,0.302937200969209,0.11789583017479448,0.9985734664764622,2.270572707878582,4.214022927611735,89.22860551289438
NGexp12,light,100,rr_variability_ms,NGexp12-260706-140202_pupil_anesthesia-260706-150055,stim_04,ok,,0.30228836337511983,-0.022860309374671154,0.9985734664764622,18.205935319802474,22.399028312206266,331.96388212018985
NGexp9,light,100,respiration_resp_bpm,NGexp9-260607-162633_pupil_anesthesia-260630-152605,stim_04,ok,,0.3009592205452354,0.15460773705979441,0.9985734664764622,3.402361702869845,14.964535544712817,2.940419872392937
NGexp13,deep,40,respiration_resp_bpm,NGexp13-260629-144155_pupil_anesthesia-260629-161150,stim_11,ok,,0.29640196350323683,0.004615957524078158,1.0,33.3707010345424,58.66548487356372,543.3925719728223
NGexp10,light,100,pupil_diameter_mm,NGexp10-260610-112701_pupil_anesthesia-260630-104745,stim_04,ok,,0.2958957370432231,-0.04637598910861623,1.0,7.013770164299995,15.83035856176111,29.434605836132548
NGexp10,deep,100,hrv_sdnn_ms,NGexp10-260610-112701_pupil_anesthesia-260630-114842,stim_11,ok,,0.2957281752073623,-0.008320899113849086,0.9985734664764622,0.6040818538191957,1.0815830416273975,0.8508634514002864
NGexp13,deep,40,eeg_rel_delta,NGexp13-260629-144155_pupil_anesthesia-260629-161150,stim_01,ok,,0.2935303812229111,0.013103892424196505,1.0,-0.2066994717492716,-0.5666215144734483,-2.257853067882418
NGexp10,light,100,eeg_rel_delta,NGexp10-260610-112701_pupil_anesthesia-260705-161427,stim_10,ok,,0.2935284588887848,-0.48390136195565037,1.0,-0.0749135369041651,-0.387879860093842,-2.2025689906546937
NGexp13,light,100,hrv_sdnn_ms,NGexp13-260629-144155_pupil_anesthesia-260629-152742,stim_07,ok,,0.2914568976122615,0.6493806379349714,0.9985734664764622,0.22449305041827,1.246319647676847,6.259247521644744
NGexp9,light,100,respiration_resp_bpm,NGexp9-260607-162633_pupil_anesthesia-260705-130101,stim_08,ok,,0.28919389151260866,0.7471919732432382,0.9985734664764622,10.44628849419865,27.91198820458408,251.46801751689912
NGexp12,deep,100,eeg_bsr,NGexp12-260706-140202_pupil_anesthesia-260706-153452,stim_04,ok,,0.2890673103745015,-0.0862657866431633,1.0,0.051448465116279,0.6116,6.1060366
NGexp10,deep,100,respiration_resp_bpm,NGexp10-260610-112701_pupil_anesthesia-260630-114842,stim_02,ok,,0.28829922951200126,-0.037902844996253265,1.0,19.64831364554599,31.76193500304337,261.86699085719573
NGexp13,deep,100,respiration_resp_bpm,NGexp13-260629-144155_pupil_anesthesia-260629-161150,stim_04,ok,,0.2876496128520704,-0.004357503368063865,0.9985734664764622,40.72253748301735,60.75122837000241,801.122877471314
NGexp10,light,100,heart_rate_hr_bpm,NGexp10-260610-112701_pupil_anesthesia-260705-161427,stim_09,ok,,0.287085049973685,-0.1346919090955926,0.9985734664764622,0.2525876349882278,-1.1447393877333556,7.048408714884323
NGexp9,deep,40,respiration_resp_bpm,NGexp9-260607-162633_pupil_anesthesia-260630-162920,stim_07,ok,,0.28435283554947133,1.2811931929103946,1.0,24.14523843638696,52.31428536506175,854.8951308270325
NGexp13,light,40,hrv_sdnn_ms,NGexp13-260629-144155_pupil_anesthesia-260706-165443,stim_09,ok,,0.2832999150180682,0.0611683398104872,0.9985734664764622,0.1398114405944847,0.2320080023120965,0.1339274115319628
NGexp13,deep,100,heart_rate_hr_bpm,NGexp13-260629-144155_pupil_anesthesia-260706-173532,stim_10,ok,,0.2831710352402565,-0.1985829199087983,1.0,-0.3413384988156537,-2.0520538760335048,-25.11541409653305
NGexp13,light,100,hrv_sdnn_ms,NGexp13-260629-144155_pupil_anesthesia-260706-165443,stim_03,ok,,0.2830372922909236,-0.008777016775048198,0.9985734664764622,0.030760461506172,0.1253631147366659,0.9036547700177416
NGexp13,light,100,eeg_bsr,NGexp13-260629-144155_pupil_anesthesia-260706-165443,stim_01,ok,,0.27851489995349415,0.28113012703000384,1.0,0.0,0.2272,1.809
NGexp13,light,100,eeg_bsr,NGexp13-260629-144155_pupil_anesthesia-260706-165443,stim_02,ok,,0.27851489995349415,-0.28113012703000384,1.0,0.0,0.0,0.0
NGexp13,light,100,eeg_bsr,NGexp13-260629-144155_pupil_anesthesia-260706-165443,stim_03,ok,,0.27851489995349415,-0.28113012703000384,1.0,0.0,0.0,0.0
NGexp13,light,100,eeg_bsr,NGexp13-260629-144155_pupil_anesthesia-260706-165443,stim_07,ok,,0.27851489995349415,-0.28113012703000384,1.0,0.0,0.0,0.0
NGexp13,light,100,eeg_bsr,NGexp13-260629-144155_pupil_anesthesia-260706-165443,stim_08,ok,,0.27851489995349415,-0.28113012703000384,1.0,0.0,0.0,0.0
NGexp13,light,100,eeg_bsr,NGexp13-260629-144155_pupil_anesthesia-260706-165443,stim_10,ok,,0.27851489995349415,-0.28113012703000384,1.0,0.0,0.0,0.0
NGexp9,deep,100,eeg_bsr,NGexp9-260607-162633_pupil_anesthesia-260705-150656,stim_01,ok,,0.27793607359679884,-0.5175027614062114,1.0,0.0742241627906976,0.6942140000000001,5.3195908
NGexp12,light,100,pupil_diameter_mm,NGexp12-260706-140202_pupil_anesthesia-260706-142109,stim_04,ok,,0.27757072400587623,0.0,0.9985734664764622,50.09137320050792,74.13639443579679,926.7340155196808
NGexp10,light,40,hrv_sdnn_ms,NGexp10-260610-112701_pupil_anesthesia-260705-161427,stim_11,ok,,0.27722744663409776,0.0,0.9985734664764622,-0.036737720336343,-0.254957201004452,-3.463349816720573
NGexp13,light,100,rr_variability_ms,NGexp13-260629-144155_pupil_anesthesia-260706-165443,stim_10,ok,,0.2768902021587667,0.13514587780328968,1.0,20.55077374214539,27.17018408148862,328.84310342313177
NGexp13,deep,100,rr_variability_ms,NGexp13-260629-144155_pupil_anesthesia-260629-161150,stim_03,ok,,0.27588715342055764,0.14757306931869787,1.0,78.09057022612292,111.47809143226571,1111.8236237758742
NGexp10,light,100,hrv_sdnn_ms,NGexp10-260610-112701_pupil_anesthesia-260705-161427,stim_01,ok,,0.2758421102434844,0.6937366152525936,1.0,-0.2353537049298159,0.5562971443029786,-1.2555974254321067
NGexp9,deep,40,pupil_diameter_mm,NGexp9-260607-162633_pupil_anesthesia-260630-162920,stim_11,ok,,0.274500715519172,-0.06148549210883515,1.0,25.43110181654039,58.76226223865642,425.2367982348137
NGexp9,deep,40,heart_rate_hr_bpm,NGexp9-260607-162633_pupil_anesthesia-260630-162920,stim_02,ok,,0.2742182644987249,1.9365582859691366,1.0,0.43385413716421,-1.393694110311755,6.216970923356946
NGexp9,deep,40,heart_rate_hr_bpm,NGexp9-260607-162633_pupil_anesthesia-260705-150656,stim_09,ok,,0.2742182644987249,-0.010485585140664366,0.9985734664764622,0.5440495774284061,2.092405267718356,17.2280976232775
NGexp9,light,40,respiration_resp_bpm,NGexp9-260607-162633_pupil_anesthesia-260630-152605,stim_00,ok,,0.27273203490999515,-0.030846015394836647,1.0,7.104186216832849,11.768182480971737,151.9840898003212
NGexp13,light,40,eeg_rel_delta,NGexp13-260629-144155_pupil_anesthesia-260706-165443,stim_06,ok,,0.27064197145068203,-0.3699719442470137,1.0,-0.2531784278049984,-0.4119023379504627,-1.3501869387704677
NGexp9,light,100,hrv_sdnn_ms,NGexp9-260607-162633_pupil_anesthesia-260630-152605,stim_10,ok,,0.27027142573185114,-0.3715521856188568,0.9985734664764622,0.4703341796221433,1.4671255474554243,17.74398069348453
NGexp9,light,40,respiration_resp_bpm,NGexp9-260607-162633_pupil_anesthesia-260705-130101,stim_07,ok,,0.2701921556126038,0.10901229491990767,1.0,15.928517609877114,24.632168719124127,326.40569623579523
NGexp10,deep,100,hrv_sdnn_ms,NGexp10-260610-112701_pupil_anesthesia-260630-114842,stim_02,ok,,0.26569356443649217,0.1234688059680629,1.0,0.25935314017565,0.5987621145477366,-1.898197696199568
NGexp10,light,40,heart_rate_hr_bpm,NGexp10-260610-112701_pupil_anesthesia-260630-104745,stim_09,ok,,0.26558790498816115,-0.09648237217611437,1.0,0.6167126475111511,1.2239926382690844,10.065744707062194
NGexp9,deep,40,hrv_sdnn_ms,NGexp9-260607-162633_pupil_anesthesia-260705-150656,stim_05,ok,,0.2645582954477158,-0.12901841105406345,0.9985734664764622,0.6327433972833748,0.7699806690257309,7.468578666786584
NGexp9,light,40,hrv_sdnn_ms,NGexp9-260607-162633_pupil_anesthesia-260705-130101,stim_03,ok,,0.26319579261116705,0.20043234075318295,1.0,1.1269045306469745,1.548789314648158,11.2112799512977
NGexp13,deep,100,rr_variability_ms,NGexp13-260629-144155_pupil_anesthesia-260706-173532,stim_02,ok,,0.2614751169548984,0.0,1.0,99.2543465321722,136.3677864098363,1360.8786466128663
NGexp10,light,40,heart_rate_hr_bpm,NGexp10-260610-112701_pupil_anesthesia-260630-104745,stim_06,ok,,0.26139661573461,0.0,0.9985734664764622,0.5694586495778444,1.0269522856268287,10.35987594604516
NGexp9,light,100,pupil_diameter_mm,NGexp9-260607-162633_pupil_anesthesia-260630-152605,stim_04,ok,,0.26027907226348107,0.030573588781795037,0.9985734664764622,14.188470745032753,21.879559445881355,238.00370593424051
NGexp10,light,100,heart_rate_hr_bpm,NGexp10-260610-112701_pupil_anesthesia-260630-104745,stim_01,ok,,0.2589976930947279,-0.16881037740721574,0.9985734664764622,-0.05232021171814,0.509770970508156,0.2703756263820727
NGexp12,light,100,eeg_rel_delta,NGexp12-260706-140202_pupil_anesthesia-260706-142109,stim_06,ok,,0.2579612337532816,0.8617333659703148,1.0,-0.0664357967188921,-0.5469665368557759,-2.336298129250884
NGexp10,deep,40,respiration_resp_bpm,NGexp10-260610-112701_pupil_anesthesia-260630-114842,stim_08,ok,,0.25715026162282817,-0.06307254556222551,1.0,19.147457941376658,38.02514920626182,216.87200175938443
NGexp9,light,100,rr_variability_ms,NGexp9-260607-162633_pupil_anesthesia-260705-130101,stim_10,ok,,0.25521352781611184,0.2866056996439398,1.0,12.33724209658989,17.69664809284154,149.9043822567624
NGexp10,light,100,hrv_sdnn_ms,NGexp10-260610-112701_pupil_anesthesia-260630-104745,stim_11,ok,,0.2546306558789869,0.0,1.0,-0.1040587111703912,-0.1714820068534514,-3.660823776208452
NGexp12,light,100,rr_variability_ms,NGexp12-260706-140202_pupil_anesthesia-260706-150055,stim_05,ok,,0.2544059648019305,-0.15545603341473813,1.0,21.241370670320716,27.2718745445508,306.2622987891812
NGexp13,deep,40,eeg_rel_delta,NGexp13-260629-144155_pupil_anesthesia-260706-173532,stim_11,ok,,0.253669795342387,-1.307484339938152,1.0,-0.1092342149981659,-0.6668811839579482,-3.876509767761129
NGexp9,deep,40,hrv_sdnn_ms,NGexp9-260607-162633_pupil_anesthesia-260630-162920,stim_01,ok,,0.25336211204183456,0.13723928850070746,0.9985734664764622,0.5317257093396932,0.9678172400559676,4.614391220670638
NGexp12,deep,100,hrv_sdnn_ms,NGexp12-260706-140202_pupil_anesthesia-260706-153452,stim_08,ok,,0.25304388774630565,0.0,0.9985734664764622,0.4024500622778817,1.165316929758721,5.058159813454519
NGexp9,deep,100,pupil_diameter_mm,NGexp9-260607-162633_pupil_anesthesia-260630-162920,stim_05,ok,,0.2515656406271311,0.0,1.0,20.391299932615052,36.25345567250697,459.3822853391501
NGexp13,light,40,heart_rate_hr_bpm,NGexp13-260629-144155_pupil_anesthesia-260706-165443,stim_05,ok,,0.24900014175929128,0.0,1.0,1.2305939568976454,2.2901294322061605,39.61810722914309
NGexp12,light,100,respiration_resp_bpm,NGexp12-260706-140202_pupil_anesthesia-260706-150055,stim_11,ok,,0.2485463350564144,-0.09949257488297177,0.9985734664764622,12.503863591238463,28.768584159142257,122.56978243981716
NGexp10,deep,40,hrv_sdnn_ms,NGexp10-260610-112701_pupil_anesthesia-260705-165436,stim_08,ok,,0.2476934206861447,0.0,0.9985734664764622,0.9549468478343006,1.7082856640696762,12.012426055173671
NGexp9,light,40,hrv_sdnn_ms,NGexp9-260607-162633_pupil_anesthesia-260705-130101,stim_07,ok,,0.24755272537764025,0.0262064669958558,1.0,1.102987444533797,1.4633059835544926,24.067104221703715
NGexp9,deep,100,respiration_resp_bpm,NGexp9-260607-162633_pupil_anesthesia-260705-150656,stim_00,ok,,0.24320840024968338,0.14182149079594605,1.0,18.678160437399505,35.19288011463621,246.6269536988261
NGexp13,deep,100,pupil_diameter_mm,NGexp13-260629-144155_pupil_anesthesia-260629-161150,stim_03,ok,,0.24174743342078164,0.06509292280536458,1.0,46.75689344093526,78.10735548761785,924.8802275844286
NGexp13,light,40,rr_variability_ms,NGexp13-260629-144155_pupil_anesthesia-260706-165443,stim_06,ok,,0.2410282493774829,-0.1804817612742372,0.9985734664764622,30.550224011986373,48.42633458992812,378.6779179149039
NGexp10,light,100,respiration_resp_bpm,NGexp10-260610-112701_pupil_anesthesia-260630-104745,stim_11,ok,,0.24081348653385992,-0.05112853312065043,1.0,9.004547100727322,17.56082530919469,206.7101332872516
NGexp10,light,40,respiration_resp_bpm,NGexp10-260610-112701_pupil_anesthesia-260705-161427,stim_05,ok,,0.2401660963082895,0.08664566359582289,0.9985734664764622,5.462752014948684,18.69054571926218,-13.542538064526228
NGexp12,light,40,rr_variability_ms,NGexp12-260706-140202_pupil_anesthesia-260706-142109,stim_10,ok,,0.24005603799308198,0.667699706650415,0.9985734664764622,4.296659684917832,8.69867728296094,48.04143235583505
NGexp13,deep,100,respiration_resp_bpm,NGexp13-260629-144155_pupil_anesthesia-260706-173532,stim_01,ok,,0.2380298441736672,-0.08509442586884995,1.0,32.45149330023364,62.04686601370959,598.1316569284163
NGexp9,deep,40,rr_variability_ms,NGexp9-260607-162633_pupil_anesthesia-260705-150656,stim_04,ok,,0.23791472962305546,-0.08032158224811159,0.8502139800285307,83.7516293093367,110.42122470451868,1234.456354159596
NGexp13,light,40,eeg_rel_delta,NGexp13-260629-144155_pupil_anesthesia-260629-152742,stim_05,ok,,0.23773536088309788,0.6060428018813773,1.0,-0.2455296601947781,-0.5379958739546175,-2.3259447672099625
NGexp9,deep,100,eeg_bsr,NGexp9-260607-162633_pupil_anesthesia-260630-162920,stim_04,ok,,0.23757861654769363,-0.15650452866125114,1.0,0.1919051395348837,0.5322,8.165124599999999
NGexp10,light,100,pupil_diameter_mm,NGexp10-260610-112701_pupil_anesthesia-260705-161427,stim_09,ok,,0.2374297306061145,-0.05713012754157633,0.9985734664764622,8.930215441772184,15.68634751023413,33.568172181132496
NGexp9,light,100,hrv_sdnn_ms,NGexp9-260607-162633_pupil_anesthesia-260705-130101,stim_06,ok,,0.23732350497310598,-0.3067493796835653,1.0,1.0213150113074905,1.619642809097428,13.601276169785836
NGexp13,light,40,hrv_sdnn_ms,NGexp13-260629-144155_pupil_anesthesia-260629-152742,stim_00,ok,,0.23638208546570022,-0.020851227534675963,1.0,0.7039124658761688,1.0258798555015818,4.881994037813593
NGexp10,light,40,hrv_sdnn_ms,NGexp10-260610-112701_pupil_anesthesia-260705-161427,stim_08,ok,,0.23573006129174467,-0.18844194292862387,1.0,-0.0431555806246685,-0.1739872521050804,-1.531011639818862
NGexp9,light,100,hrv_sdnn_ms,NGexp9-260607-162633_pupil_anesthesia-260705-130101,stim_08,ok,,0.23420275216427863,-0.22092052917649213,0.9985734664764622,0.7637066424316219,1.273722786577702,7.706262636852982
NGexp13,light,40,respiration_resp_bpm,NGexp13-260629-144155_pupil_anesthesia-260706-165443,stim_06,ok,,0.23300370387731006,-0.1214087879727199,0.9985734664764622,17.261780012919992,28.606332652597604,511.9767675945658
NGexp13,light,100,hrv_sdnn_ms,NGexp13-260629-144155_pupil_anesthesia-260706-165443,stim_07,ok,,0.23298214952832955,-0.09780345854617008,1.0,0.1393322833447234,0.2230310115981449,1.6153632008980412
NGexp9,deep,40,pupil_diameter_mm,NGexp9-260607-162633_pupil_anesthesia-260705-150656,stim_04,ok,,0.2327757710666983,0.14530562271209616,0.9985734664764622,38.47198997573426,54.56604077849304,805.4698364056303
NGexp9,deep,100,heart_rate_hr_bpm,NGexp9-260607-162633_pupil_anesthesia-260705-150656,stim_03,ok,,0.23238677271983924,-0.04223757949629458,0.9985734664764622,0.6826744851456117,-4.4458437527536425,16.711167045919815
NGexp10,light,100,hrv_sdnn_ms,NGexp10-260610-112701_pupil_anesthesia-260705-161427,stim_10,ok,,0.23102388322669717,-0.01840484167254913,0.9985734664764622,0.1529503340194655,0.7761300629123232,4.916633995947694
NGexp12,light,40,respiration_resp_bpm,NGexp12-260706-140202_pupil_anesthesia-260706-150055,stim_07,ok,,0.23085752860382144,0.22455048533575606,0.9985734664764622,3.5391709736491888,25.47910091835769,-160.64290643245783
NGexp13,deep,100,heart_rate_hr_bpm,NGexp13-260629-144155_pupil_anesthesia-260706-173532,stim_02,ok,,0.22983991834616743,-0.24756802584941848,1.0,-0.3937054963919385,-1.4132595668052206,-15.657322609874896
NGexp10,light,100,rr_variability_ms,NGexp10-260610-112701_pupil_anesthesia-260630-104745,stim_04,ok,,0.22961467949376715,-0.17148030331523895,1.0,12.881583085014784,17.468875885563584,172.87955570005548
NGexp13,light,100,hrv_sdnn_ms,NGexp13-260629-144155_pupil_anesthesia-260706-165443,stim_08,ok,,0.2276346230387329,-0.0585748766033653,1.0,-0.0400659505499953,0.660546513591177,4.455078953839241
NGexp13,deep,40,pupil_diameter_mm,NGexp13-260629-144155_pupil_anesthesia-260706-173532,stim_06,ok,,0.226855300732323,0.045178238775177834,1.0,40.43027965333375,53.98387364152968,1368.514985763541
NGexp13,light,100,pupil_diameter_mm,NGexp13-260629-144155_pupil_anesthesia-260629-152742,stim_03,ok,,0.2244511924391792,-0.0004466804918752059,1.0,49.18745562032386,81.88965366599263,1041.2145138200308
NGexp10,deep,100,pupil_diameter_mm,NGexp10-260610-112701_pupil_anesthesia-260705-165436,stim_05,ok,,0.2233059053257283,0.008220048289582803,0.9985734664764622,32.21225841294233,64.62870004585965,474.7438011410633
NGexp10,light,40,heart_rate_hr_bpm,NGexp10-260610-112701_pupil_anesthesia-260705-161427,stim_11,ok,,0.22286012427180846,-0.02879695726332327,0.9985734664764622,0.3527721328819874,1.1727447200368426,13.064243336200065
NGexp13,light,100,heart_rate_hr_bpm,NGexp13-260629-144155_pupil_anesthesia-260706-165443,stim_03,ok,,0.2213129379329423,-0.2427786725559778,0.9985734664764622,0.2986080268469278,1.186292651148397,10.452358505323213
NGexp13,deep,40,heart_rate_hr_bpm,NGexp13-260629-144155_pupil_anesthesia-260706-173532,stim_03,ok,,0.21991154823620768,0.29272211703484663,1.0,-0.2008410938505052,-1.3837866613248693,-15.830546727587388
NGexp9,deep,100,respiration_resp_bpm,NGexp9-260607-162633_pupil_anesthesia-260630-162920,stim_05,ok,,0.21969826977256388,-0.018736448013387395,1.0,19.36438038464152,36.10377511445672,239.32236581137212
NGexp12,light,40,rr_variability_ms,NGexp12-260706-140202_pupil_anesthesia-260706-142109,stim_09,ok,,0.21946812740926336,-0.046322181996287286,0.8601997146932953,0.0118805841740994,14.134260392383252,114.0613149828076
NGexp9,deep,40,hrv_sdnn_ms,NGexp9-260607-162633_pupil_anesthesia-260705-150656,stim_09,ok,,0.2189976548633206,0.027553851015493774,0.9985734664764622,0.5832885305721496,0.7902294652071356,6.486031358232341
NGexp12,light,100,rr_variability_ms,NGexp12-260706-140202_pupil_anesthesia-260706-142109,stim_05,ok,,0.218929643935043,-0.00040274206527583117,0.9985734664764622,8.550603799725458,13.556046201651773,56.33705675213007
NGexp13,light,100,hrv_sdnn_ms,NGexp13-260629-144155_pupil_anesthesia-260706-165443,stim_10,ok,,0.21857605648511988,-0.07048976749435243,1.0,0.1895577376117224,0.2511402673482358,3.594213130706561
NGexp10,light,100,respiration_resp_bpm,NGexp10-260610-112701_pupil_anesthesia-260705-161427,stim_01,ok,,0.2181013367810209,-0.06254623079059467,1.0,6.943126590135631,24.636106993774924,51.34122586154436
NGexp13,deep,100,rr_variability_ms,NGexp13-260629-144155_pupil_anesthesia-260706-173532,stim_05,ok,,0.2173854082315997,-0.35412422044915226,0.9985734664764622,91.60289334384724,121.70378397408412,1337.563438242535
NGexp13,light,100,pupil_diameter_mm,NGexp13-260629-144155_pupil_anesthesia-260706-165443,stim_03,ok,,0.21589837073451287,-0.10187906226848238,0.9985734664764622,40.06588679742123,57.010228126844254,1139.2206040692836
NGexp9,deep,40,pupil_diameter_mm,NGexp9-260607-162633_pupil_anesthesia-260705-150656,stim_11,ok,,0.21457558059580686,-0.09627070491464415,0.9985734664764622,34.63798268608575,46.92433969319217,915.4699638852064
NGexp10,deep,40,pupil_diameter_mm,NGexp10-260610-112701_pupil_anesthesia-260705-165436,stim_00,ok,,0.21100597394037002,-0.03449541927752714,1.0,29.967767434960024,46.91726182603467,477.4825103211791
NGexp10,light,40,rr_variability_ms,NGexp10-260610-112701_pupil_anesthesia-260705-161427,stim_11,ok,,0.21053715460951508,0.0,0.9985734664764622,10.643862647967037,18.398439390173184,147.61070656045382
NGexp9,deep,40,eeg_rel_delta,NGexp9-260607-162633_pupil_anesthesia-260630-162920,stim_11,ok,,0.20804188072183194,0.10269308791249497,1.0,-0.2640390177588365,-0.6000643142162551,-3.7073194049811824
NGexp10,deep,100,pupil_diameter_mm,NGexp10-260610-112701_pupil_anesthesia-260705-165436,stim_07,ok,,0.20693298341248637,0.040435443880767495,0.9985734664764622,28.22326532277276,47.7323856633357,262.25066602919355
NGexp10,deep,40,respiration_resp_bpm,NGexp10-260610-112701_pupil_anesthesia-260705-165436,stim_11,ok,,0.2058607383103826,0.0,1.0,19.86542529275091,39.67126678910764,265.36086562620926
NGexp12,light,40,hrv_sdnn_ms,NGexp12-260706-140202_pupil_anesthesia-260706-150055,stim_07,ok,,0.20551548083820356,-0.017964034279969787,0.9985734664764622,1.7648634017447848,1.9184318647730656,20.50149879372236
NGexp12,light,100,respiration_resp_bpm,NGexp12-260706-140202_pupil_anesthesia-260706-150055,stim_04,ok,,0.20492899993827043,-0.056961701004745874,0.9985734664764622,5.814334114625964,18.19270280887752,-23.732863220893197
NGexp13,light,100,hrv_sdnn_ms,NGexp13-260629-144155_pupil_anesthesia-260706-165443,stim_02,ok,,0.20368637065130768,-0.07546416311403832,0.9985734664764622,0.1649062421983717,0.2801931122719615,1.5688455272580957
NGexp13,deep,100,hrv_sdnn_ms,NGexp13-260629-144155_pupil_anesthesia-260706-173532,stim_09,ok,,0.20150075908483034,0.06665279914541884,1.0,0.3293360328525682,0.8851721900434564,7.460643762822496
NGexp12,light,100,respiration_resp_bpm,NGexp12-260706-140202_pupil_anesthesia-260706-142109,stim_04,ok,,0.2008511972753717,0.1079485275030806,0.9985734664764622,11.361678073740604,23.57091700046676,238.06985723100715
NGexp12,light,100,respiration_resp_bpm,NGexp12-260706-140202_pupil_anesthesia-260706-142109,stim_03,ok,,0.19831932927333565,-0.037317777032650795,1.0,2.9751849385933684,11.454869136353071,114.3259606360996
NGexp13,light,40,hrv_sdnn_ms,NGexp13-260629-144155_pupil_anesthesia-260706-165443,stim_06,ok,,0.1980889166198621,0.06319668971859511,0.9985734664764622,0.2323057188588044,0.3879941841570347,1.352800915877972
NGexp10,deep,40,pupil_diameter_mm,NGexp10-260610-112701_pupil_anesthesia-260705-165436,stim_11,ok,,0.19493604307152426,0.0,1.0,22.53652224652068,38.858945924462354,199.53133992674665
NGexp12,light,40,eeg_bsr,NGexp12-260706-140202_pupil_anesthesia-260706-150055,stim_07,ok,,0.19490340829115,0.4926345683936985,1.0,0.0444922790697674,0.2194,0.3716636
NGexp13,deep,40,heart_rate_hr_bpm,NGexp13-260629-144155_pupil_anesthesia-260706-173532,stim_00,ok,,0.19426522054326004,-0.37496308714114474,1.0,0.1740157539812762,-1.3173652045059785,-6.563373592590171
NGexp13,deep,40,heart_rate_hr_bpm,NGexp13-260629-144155_pupil_anesthesia-260706-173532,stim_06,ok,,0.19426522054326004,-0.4133799705342351,1.0,0.0713737875519954,1.15230203573684,-5.817696760737718
NGexp10,light,40,rr_variability_ms,NGexp10-260610-112701_pupil_anesthesia-260630-104745,stim_06,ok,,0.1928407565507943,0.08413358174224736,0.8801711840228246,7.041211622573129,20.75774162550312,173.58352716132595
NGexp13,deep,100,respiration_resp_bpm,NGexp13-260629-144155_pupil_anesthesia-260706-173532,stim_09,ok,,0.19263672105108606,0.01798598483369867,1.0,38.98452285443945,69.51053475676588,615.5360703803835
NGexp9,deep,100,respiration_resp_bpm,NGexp9-260607-162633_pupil_anesthesia-260705-150656,stim_08,ok,,0.19125638543917173,0.09743571871078473,1.0,18.32855233876364,43.41855690358852,193.7716329107988
NGexp10,deep,100,heart_rate_hr_bpm,NGexp10-260610-112701_pupil_anesthesia-260705-165436,stim_05,ok,,0.1902678801717251,-0.23328731147167694,0.9985734664764622,1.7458667413957556,5.93856726200023,116.5235227983805
NGexp10,light,100,rr_variability_ms,NGexp10-260610-112701_pupil_anesthesia-260630-104745,stim_11,ok,,0.18944976572072433,-0.030265897708019577,1.0,14.05552227239265,23.337402430193364,194.11928172482783
NGexp13,deep,40,eeg_rel_delta,NGexp13-260629-144155_pupil_anesthesia-260629-161150,stim_11,ok,,0.18855044846009164,0.2641454646729337,1.0,-0.1749617023287256,-0.5682849065205309,-2.282152977970596
NGexp12,deep,100,heart_rate_hr_bpm,NGexp12-260706-140202_pupil_anesthesia-260706-153452,stim_04,ok,,0.18739469157455294,-0.8093136116274651,1.0,1.1813276320925634,-5.177289181012238,11.936116440396134
NGexp12,light,100,pupil_diameter_mm,NGexp12-260706-140202_pupil_anesthesia-260706-142109,stim_05,ok,,0.1869584143284745,0.21124621026299692,0.9985734664764622,51.47979903629871,82.15969458117712,927.8859285448312
NGexp10,light,100,rr_variability_ms,NGexp10-260610-112701_pupil_anesthesia-260705-161427,stim_07,ok,,0.1868556196432717,0.08023764172633506,0.9985734664764622,24.658208822954684,31.706842032278622,336.1510045828292
NGexp13,deep,100,respiration_resp_bpm,NGexp13-260629-144155_pupil_anesthesia-260706-173532,stim_02,ok,,0.1853891958470618,0.06875415875944334,1.0,33.68354351749875,65.33763989927041,535.6591169548244
NGexp9,light,100,respiration_resp_bpm,NGexp9-260607-162633_pupil_anesthesia-260705-130101,stim_01,ok,,0.1850788027073978,0.18235754465744483,1.0,6.11453373175651,25.638126306172,38.32159541779952
NGexp12,light,40,eeg_bsr,NGexp12-260706-140202_pupil_anesthesia-260706-150055,stim_01,ok,,0.18361222824081408,0.4681123143225454,1.0,0.0419147441860465,0.2138,0.5266401999999999
NGexp9,deep,40,eeg_rel_delta,NGexp9-260607-162633_pupil_anesthesia-260705-150656,stim_02,ok,,0.18226070435219552,0.00976327607560597,1.0,-0.1717573495842617,-0.7197202830286661,-3.684126937398076
NGexp12,light,100,rr_variability_ms,NGexp12-260706-140202_pupil_anesthesia-260706-142109,stim_04,ok,,0.17937610243969732,0.1598957695819449,0.9985734664764622,10.918264297819611,16.92910233828027,77.25348120700976
NGexp13,deep,40,respiration_resp_bpm,NGexp13-260629-144155_pupil_anesthesia-260706-173532,stim_04,ok,,0.17681388554370314,-0.0894153031097048,0.9985734664764622,34.37633035134846,53.33333333332819,750.9897402777115
NGexp13,deep,40,rr_variability_ms,NGexp13-260629-144155_pupil_anesthesia-260706-173532,stim_00,ok,,0.17534422047157203,-0.059407059694327156,1.0,96.8289161726162,135.2362668959297,1171.1202528408558
NGexp10,deep,40,pupil_diameter_mm,NGexp10-260610-112701_pupil_anesthesia-260630-114842,stim_00,ok,,0.1753040661226748,-0.05484970679148987,1.0,28.926290967177177,38.78403484157237,441.6961525928288
NGexp9,deep,100,heart_rate_hr_bpm,NGexp9-260607-162633_pupil_anesthesia-260630-162920,stim_05,ok,,0.17502937246303477,-0.09442096861305871,1.0,0.4204317870715571,-2.891372193701426,0.2457086591452313
NGexp10,deep,40,respiration_resp_bpm,NGexp10-260610-112701_pupil_anesthesia-260705-165436,stim_03,ok,,0.17441595250893466,0.4119766071019842,0.9985734664764622,25.51164370066973,49.16956158806421,449.6367223100548
NGexp9,light,40,heart_rate_hr_bpm,NGexp9-260607-162633_pupil_anesthesia-260705-130101,stim_00,ok,,0.17293372548334882,-0.2931799607997794,0.9985734664764622,2.0612825995209816,4.806244850253167,37.47873478516098
NGexp9,light,100,rr_variability_ms,NGexp9-260607-162633_pupil_anesthesia-260630-152605,stim_10,ok,,0.17276365213654793,-0.31439414147129435,0.9985734664764622,19.760587775170613,29.19313619251724,273.53251562418
NGexp13,light,100,pupil_diameter_mm,NGexp13-260629-144155_pupil_anesthesia-260629-152742,stim_07,ok,,0.1725030568922773,0.003541070127439847,0.9985734664764622,48.87207124136741,73.600935383978,952.516443309122
NGexp10,light,100,rr_variability_ms,NGexp10-260610-112701_pupil_anesthesia-260705-161427,stim_09,ok,,0.1691578117581424,0.3840926809210939,0.9985734664764622,14.49224069856898,19.864703148793392,204.8499295013407
NGexp13,deep,40,rr_variability_ms,NGexp13-260629-144155_pupil_anesthesia-260706-173532,stim_04,ok,,0.16867683139388684,-0.03142386942719718,0.9985734664764622,83.14001642994543,118.50787661158702,1123.722757733492
NGexp10,light,40,rr_variability_ms,NGexp10-260610-112701_pupil_anesthesia-260705-161427,stim_06,ok,,0.16764163646453586,-0.1431637084661073,0.9985734664764622,18.893691891257344,31.245502825057564,347.5965438556784
NGexp10,deep,40,hrv_sdnn_ms,NGexp10-260610-112701_pupil_anesthesia-260630-114842,stim_00,ok,,0.16742500929001344,0.3106871341026858,1.0,0.5605741164855343,1.2046029796499855,2.40043664214464
NGexp10,deep,40,rr_variability_ms,NGexp10-260610-112701_pupil_anesthesia-260705-165436,stim_08,ok,,0.1663103520945834,-0.26764666260839004,0.9985734664764622,44.29528206479152,65.44990240247435,687.9336680775859
NGexp9,light,100,respiration_resp_bpm,NGexp9-260607-162633_pupil_anesthesia-260705-130101,stim_10,ok,,0.16264249620269772,-0.08404206208953714,1.0,6.639653713794634,18.03891076770634,5.050308298018152
NGexp9,deep,40,eeg_bsr,NGexp9-260607-162633_pupil_anesthesia-260705-150656,stim_05,ok,,0.1616824774423638,-0.3880208809365836,1.0,0.0744701162790697,0.6622,6.0248387
NGexp13,light,40,hrv_sdnn_ms,NGexp13-260629-144155_pupil_anesthesia-260706-165443,stim_05,ok,,0.15909475383724983,-0.08525292215563626,1.0,0.2746328481132253,0.369161827637728,4.065664580092716
NGexp13,light,100,rr_variability_ms,NGexp13-260629-144155_pupil_anesthesia-260706-165443,stim_03,ok,,0.1590377767307346,-0.21867989251174713,0.9985734664764622,28.298246923911144,36.20694050628705,325.29824861214905
NGexp13,deep,40,eeg_bsr,NGexp13-260629-144155_pupil_anesthesia-260706-173532,stim_04,ok,,0.15893770622951536,0.2632639133495924,1.0,0.2554832558139534,0.9018,10.4897226
NGexp9,deep,40,eeg_bsr,NGexp9-260607-162633_pupil_anesthesia-260705-150656,stim_11,ok,,0.15666463122384036,-0.2795099066717311,1.0,0.0960012325581395,0.706,7.5422264
NGexp10,light,100,respiration_resp_bpm,NGexp10-260610-112701_pupil_anesthesia-260630-104745,stim_04,ok,,0.15566419285645422,-0.04269035244916564,1.0,7.684952974437956,16.18581713590506,151.7732071327065
NGexp13,light,100,pupil_diameter_mm,NGexp13-260629-144155_pupil_anesthesia-260706-165443,stim_01,ok,,0.15488032314690037,-0.14191583776379602,0.9985734664764622,48.29441925313375,64.25411732827851,905.785952672737
NGexp10,light,100,pupil_diameter_mm,NGexp10-260610-112701_pupil_anesthesia-260630-104745,stim_01,ok,,0.15424311345952205,0.0,0.9985734664764622,16.712876062538967,23.06749602899001,423.1295370574854
NGexp13,light,100,hrv_sdnn_ms,NGexp13-260629-144155_pupil_anesthesia-260706-165443,stim_01,ok,,0.15217148066902894,0.129274758758417,0.9985734664764622,0.2535016531909435,0.694707864069964,7.518027770558032
NGexp9,deep,100,eeg_rel_delta,NGexp9-260607-162633_pupil_anesthesia-260705-150656,stim_06,ok,,0.15176586360886324,0.07506884665770353,1.0,-0.1567026282778343,-0.6240117801520002,-4.328467619649951
NGexp12,deep,100,eeg_rel_delta,NGexp12-260706-140202_pupil_anesthesia-260706-153452,stim_05,ok,,0.14896711803505175,-0.9973973216164155,1.0,-0.120012189902378,-0.4211485675295188,-2.287988932333316
NGexp10,light,100,heart_rate_hr_bpm,NGexp10-260610-112701_pupil_anesthesia-260630-104745,stim_11,ok,,0.14775932738824107,0.0,1.0,0.2056217067404477,0.6800971452825927,8.076727407034774
NGexp10,deep,100,eeg_bsr,NGexp10-260610-112701_pupil_anesthesia-260705-165436,stim_06,ok,,0.14665558433060538,-0.02029829580739718,1.0,0.2451912093023255,0.7604,12.370142200000002
NGexp12,light,40,respiration_resp_bpm,NGexp12-260706-140202_pupil_anesthesia-260706-142109,stim_11,ok,,0.14395398117729358,-0.04712775274420558,1.0,6.157550867564114,14.870201869259562,67.07050224446027
NGexp9,light,40,respiration_resp_bpm,NGexp9-260607-162633_pupil_anesthesia-260705-130101,stim_03,ok,,0.14251351939165047,-0.005230245835232333,1.0,8.209787421042126,20.71994240998,132.9309528953045
NGexp9,light,40,eeg_rel_delta,NGexp9-260607-162633_pupil_anesthesia-260705-130101,stim_05,ok,,0.14101261821966662,0.49732162593194734,1.0,-0.1300560900264425,-0.4788716646718346,-3.811025766607937
NGexp10,light,100,respiration_resp_bpm,NGexp10-260610-112701_pupil_anesthesia-260705-161427,stim_07,ok,,0.1403008283364199,0.028065577542461622,0.9985734664764622,3.698796601249022,15.428214658569084,-3.899513882683955
NGexp13,light,40,respiration_resp_bpm,NGexp13-260629-144155_pupil_anesthesia-260706-165443,stim_09,ok,,0.13652706856924846,0.01066236871700083,0.9985734664764622,25.0750629664054,30.938498228563915,597.0397956171867
NGexp9,light,100,rr_variability_ms,NGexp9-260607-162633_pupil_anesthesia-260630-152605,stim_04,ok,,0.13628773471323236,0.0,0.9985734664764622,19.510426934501737,24.722126308914472,110.10214399791528
NGexp12,light,100,respiration_resp_bpm,NGexp12-260706-140202_pupil_anesthesia-260706-142109,stim_06,ok,,0.13605470332521294,0.0,0.9985734664764622,9.759736108058174,22.380363598727143,196.264223273554
NGexp13,light,40,hrv_sdnn_ms,NGexp13-260629-144155_pupil_anesthesia-260706-165443,stim_11,ok,,0.13592248911624022,-0.09016002055282682,1.0,0.4473259829013963,0.5720801231310413,8.30323868744144
NGexp9,light,40,rr_variability_ms,NGexp9-260607-162633_pupil_anesthesia-260705-130101,stim_00,ok,,0.13579495365877609,0.05522241286649302,0.9985734664764622,29.13214216968102,50.653295270948895,295.8852337758728
NGexp13,deep,100,rr_variability_ms,NGexp13-260629-144155_pupil_anesthesia-260706-173532,stim_01,ok,,0.13544811745839055,-0.11894905460113632,1.0,89.28532516743999,128.32808464362753,1294.2339388424116
NGexp13,deep,40,eeg_rel_delta,NGexp13-260629-144155_pupil_anesthesia-260706-173532,stim_00,ok,,0.13270421448542583,0.3310050975757785,1.0,-0.1302521562883621,-0.5506788475365297,-2.915688172551484
NGexp10,light,40,respiration_resp_bpm,NGexp10-260610-112701_pupil_anesthesia-260705-161427,stim_06,ok,,0.12700116232532996,-0.05995208308696341,0.9985734664764622,10.101579585937378,22.286395077284592,141.40868381759822
NGexp10,deep,40,eeg_bsr,NGexp10-260610-112701_pupil_anesthesia-260705-165436,stim_08,ok,,0.12580669201725758,0.046642068324904376,1.0,0.3088957209302325,0.5524,9.673114
NGexp10,light,100,heart_rate_hr_bpm,NGexp10-260610-112701_pupil_anesthesia-260705-161427,stim_02,ok,,0.12448177561616519,-0.0716396660971717,0.9985734664764622,0.4829516003296792,1.4713570588862237,18.4460031613079
NGexp10,deep,100,eeg_rel_delta,NGexp10-260610-112701_pupil_anesthesia-260705-165436,stim_07,ok,,0.12432401502917877,1.8784050984122076,1.0,-0.1961119507549664,-0.722747910317645,-2.7095502921471377
NGexp10,deep,100,eeg_rel_delta,NGexp10-260610-112701_pupil_anesthesia-260705-165436,stim_06,ok,,0.1240672940397829,-0.04972921857184238,1.0,-0.2418388383118404,-0.6946956550199589,-3.3322473125752934
NGexp9,deep,40,hrv_sdnn_ms,NGexp9-260607-162633_pupil_anesthesia-260705-150656,stim_04,ok,,0.1236907290390455,-0.15674980154586338,0.9985734664764622,0.2113093807622729,0.4271970183604092,3.970758963897017
NGexp13,light,40,eeg_rel_delta,NGexp13-260629-144155_pupil_anesthesia-260706-165443,stim_09,ok,,0.12272001971906378,0.0,1.0,-0.2117507198533014,-0.3837582307112087,-2.5730233033827306
NGexp13,light,40,respiration_resp_bpm,NGexp13-260629-144155_pupil_anesthesia-260629-152742,stim_00,ok,,0.1227034557898592,0.04882252581961449,1.0,22.715213302808312,40.98232970237759,468.03623288850895
NGexp12,light,40,respiration_resp_bpm,NGexp12-260706-140202_pupil_anesthesia-260706-142109,stim_09,ok,,0.1223703074481581,0.0193257733017076,1.0,1.260572986238455,11.793363615865813,-82.40867502782835
NGexp10,light,100,respiration_resp_bpm,NGexp10-260610-112701_pupil_anesthesia-260705-161427,stim_09,ok,,0.12225400480255337,0.06863749151926743,0.9985734664764622,6.982526409473957,20.92252252301706,44.10416140410128
NGexp9,light,40,heart_rate_hr_bpm,NGexp9-260607-162633_pupil_anesthesia-260705-130101,stim_03,ok,,0.12216816171391494,0.16306669223981657,1.0,1.814347296609499,5.710012616889066,18.605884968804617
NGexp13,light,40,pupil_diameter_mm,NGexp13-260629-144155_pupil_anesthesia-260706-165443,stim_06,ok,,0.12173850114726377,0.00834861416305179,0.9985734664764622,42.60020832280439,58.35251933597192,1514.065069162837
NGexp9,deep,40,rr_variability_ms,NGexp9-260607-162633_pupil_anesthesia-260705-150656,stim_10,ok,,0.1188151485402919,-0.1348795244572357,0.9985734664764622,89.89177662454314,123.53448690073408,1411.9730794284378
NGexp9,deep,40,pupil_diameter_mm,NGexp9-260607-162633_pupil_anesthesia-260630-162920,stim_02,ok,,0.11580968937811535,-0.018245554722703256,1.0,27.04577840126077,49.5698648285524,595.3038085890441
NGexp10,light,100,hrv_sdnn_ms,NGexp10-260610-112701_pupil_anesthesia-260630-104745,stim_01,ok,,0.11461377769791704,-0.10530574255285928,0.9985734664764622,0.0511841905605625,0.1017197714715996,1.6108941676567614
NGexp13,deep,40,pupil_diameter_mm,NGexp13-260629-144155_pupil_anesthesia-260706-173532,stim_03,ok,,0.11450022954720943,-0.0277197420125835,1.0,36.031052668410766,43.863684654893135,1029.463987323781
NGexp10,deep,100,hrv_sdnn_ms,NGexp10-260610-112701_pupil_anesthesia-260705-165436,stim_07,ok,,0.11209040261254737,-0.08863270742525754,0.9985734664764622,0.3068003893774413,1.1527869625852794,-3.472007047318156
NGexp13,deep,40,pupil_diameter_mm,NGexp13-260629-144155_pupil_anesthesia-260629-161150,stim_01,ok,,0.11139559318875099,0.2528071137919952,0.9985734664764622,39.13224935979312,54.50426222773059,1252.7821678294513
NGexp10,deep,100,hrv_sdnn_ms,NGexp10-260610-112701_pupil_anesthesia-260705-165436,stim_05,ok,,0.11056050511304631,-0.05353162866532289,0.9985734664764622,0.1630662694508022,1.240375295644675,2.037975719347135
NGexp10,light,100,hrv_sdnn_ms,NGexp10-260610-112701_pupil_anesthesia-260630-104745,stim_04,ok,,0.10885705202119945,-0.1032261753315514,1.0,0.0640655881366426,0.1129523293791888,0.9408031535160906
NGexp10,deep,100,pupil_diameter_mm,NGexp10-260610-112701_pupil_anesthesia-260705-165436,stim_01,ok,,0.10871947585852651,0.0013905504486973366,0.9985734664764622,30.792577700828737,54.48260268363671,424.47452862473233
NGexp12,light,100,eeg_rel_delta,NGexp12-260706-140202_pupil_anesthesia-260706-150055,stim_08,ok,,0.10654618788661999,-0.5347962856295362,1.0,-0.0174754526828431,-0.4609628411316053,-1.4062587420875274
NGexp9,deep,40,hrv_sdnn_ms,NGexp9-260607-162633_pupil_anesthesia-260630-162920,stim_11,ok,,0.10296234571128275,-0.08654181254459618,1.0,0.2338094909772465,0.288353644956404,1.306167983224275
NGexp12,light,40,hrv_sdnn_ms,NGexp12-260706-140202_pupil_anesthesia-260706-150055,stim_02,ok,,0.10251141437870268,0.0400977348801998,0.9985734664764622,1.3530107782327578,1.5050858065794093,18.084210350214008
NGexp13,deep,40,respiration_resp_bpm,NGexp13-260629-144155_pupil_anesthesia-260629-161150,stim_01,ok,,0.10215198705697409,0.1535928902403224,0.9985734664764622,35.18213266620749,57.48591995296727,718.262763708062
NGexp9,light,40,respiration_resp_bpm,NGexp9-260607-162633_pupil_anesthesia-260630-152605,stim_08,ok,,0.10111886706722552,0.07016317013670721,0.9985734664764622,9.195510446831834,18.41729813107292,152.0821539095047
NGexp13,deep,100,respiration_resp_bpm,NGexp13-260629-144155_pupil_anesthesia-260629-161150,stim_03,ok,,0.09987035195460486,-0.02618532595339657,1.0,38.02256300686423,59.361946079636056,679.9707816199721
NGexp13,light,100,pupil_diameter_mm,NGexp13-260629-144155_pupil_anesthesia-260706-165443,stim_02,ok,,0.09694450580749273,0.38356385067228616,0.9985734664764622,45.89346326292007,63.203630356782526,825.6377235726443
NGexp13,light,100,rr_variability_ms,NGexp13-260629-144155_pupil_anesthesia-260706-165443,stim_01,ok,,0.09470128756031969,-0.2500081887852834,0.9985734664764622,31.84943370525764,39.27040266537711,359.320216419596
NGexp10,deep,40,rr_variability_ms,NGexp10-260610-112701_pupil_anesthesia-260705-165436,stim_10,ok,,0.09463735669613065,0.1445723772002967,0.9985734664764622,49.08546412190488,74.61651119721554,689.5772529932583
NGexp10,light,100,hrv_sdnn_ms,NGexp10-260610-112701_pupil_anesthesia-260705-161427,stim_09,ok,,0.09460237359116411,0.11013139489881801,0.9985734664764622,0.1667539550363605,0.3741334803708132,3.0044716331998296
NGexp10,deep,100,pupil_diameter_mm,NGexp10-260610-112701_pupil_anesthesia-260630-114842,stim_02,ok,,0.09225422286494962,-0.01512660631838536,1.0,30.93238393022766,43.94407581353267,562.1455749024768
NGexp9,light,100,pupil_diameter_mm,NGexp9-260607-162633_pupil_anesthesia-260705-130101,stim_08,ok,,0.0921808649377669,-0.06188998234947751,0.9985734664764622,11.166893010399614,30.6152341163808,526.124397126965
NGexp9,light,100,pupil_diameter_mm,NGexp9-260607-162633_pupil_anesthesia-260705-130101,stim_11,ok,,0.08766968915035202,-0.08357037331918009,1.0,11.314763919676407,24.63778055154536,541.6921728940112
NGexp10,deep,40,pupil_diameter_mm,NGexp10-260610-112701_pupil_anesthesia-260705-165436,stim_03,ok,,0.0873187312945941,0.09847771065246332,0.9985734664764622,31.78849381669788,52.46196538303298,265.97741919810977
NGexp13,light,100,heart_rate_hr_bpm,NGexp13-260629-144155_pupil_anesthesia-260706-165443,stim_02,ok,,0.08713488572970703,-0.36278040974533265,0.9985734664764622,0.8713769801666069,1.5132102452369127,21.032401058588867
NGexp13,deep,100,hrv_sdnn_ms,NGexp13-260629-144155_pupil_anesthesia-260706-173532,stim_10,ok,,0.08659802134222284,-0.06283869139393096,1.0,0.2412121576122375,0.4920026919731438,4.854147154479048
NGexp13,light,40,heart_rate_hr_bpm,NGexp13-260629-144155_pupil_anesthesia-260706-165443,stim_04,ok,,0.08452705335150813,-0.17598049170654956,0.9985734664764622,0.531579036802143,1.7778386092568956,20.99818945208908
NGexp12,light,40,respiration_resp_bpm,NGexp12-260706-140202_pupil_anesthesia-260706-142109,stim_08,ok,,0.08422749445493692,0.12709331445957564,1.0,4.306437176628813,17.850948594163146,28.53595370237191
NGexp13,light,100,pupil_diameter_mm,NGexp13-260629-144155_pupil_anesthesia-260629-152742,stim_02,ok,,0.08163309296028994,0.06485487709232182,1.0,40.54179431807832,60.82745090438719,939.8371345113036
NGexp13,deep,40,respiration_resp_bpm,NGexp13-260629-144155_pupil_anesthesia-260629-161150,stim_08,ok,,0.08129255828317594,-0.01027215137444608,0.9985734664764622,39.475637764019886,59.484830215289655,717.701636320523
NGexp10,light,40,respiration_resp_bpm,NGexp10-260610-112701_pupil_anesthesia-260705-161427,stim_11,ok,,0.07717382127665469,0.1257762702489083,0.9985734664764622,7.129127410481168,15.692608790180143,91.61740150112917
NGexp10,deep,40,hrv_sdnn_ms,NGexp10-260610-112701_pupil_anesthesia-260630-114842,stim_08,ok,,0.07620682168973306,-0.5564492397369596,1.0,0.6840580726525818,1.3825884581989138,7.5502430085991
NGexp12,light,40,respiration_resp_bpm,NGexp12-260706-140202_pupil_anesthesia-260706-150055,stim_02,ok,,0.07569514852131148,-0.0193257733017076,0.9985734664764622,4.5987216087866685,19.467367537509013,-15.728420721389128
NGexp13,light,100,rr_variability_ms,NGexp13-260629-144155_pupil_anesthesia-260706-165443,stim_08,ok,,0.07551303037917322,-0.1195143922962106,1.0,28.72211503476274,38.347926766610826,393.13737187023537
NGexp12,light,100,respiration_resp_bpm,NGexp12-260706-140202_pupil_anesthesia-260706-142109,stim_05,ok,,0.07428986372157977,0.1371339259909828,0.9985734664764622,8.664860425855784,19.13870932510268,108.4839626659537
NGexp13,light,100,respiration_resp_bpm,NGexp13-260629-144155_pupil_anesthesia-260706-165443,stim_08,ok,,0.07393025634637028,0.022588308950235454,1.0,13.371345475555186,30.273910443994325,168.87514569693673
NGexp10,light,40,respiration_resp_bpm,NGexp10-260610-112701_pupil_anesthesia-260705-161427,stim_08,ok,,0.07367159855062369,-0.030117681139174683,1.0,7.187351616291978,17.90575294254138,93.8769780985072
NGexp9,light,100,rr_variability_ms,NGexp9-260607-162633_pupil_anesthesia-260705-130101,stim_11,ok,,0.07292890982562451,-0.08924672832329895,1.0,23.476124028785893,32.51787475259262,143.60711028437393
NGexp12,light,40,rr_variability_ms,NGexp12-260706-140202_pupil_anesthesia-260706-150055,stim_02,ok,,0.07132082209791993,-0.0170915399020265,0.9985734664764622,11.811310129969588,20.722050402592046,208.15406087192525
NGexp10,light,100,rr_variability_ms,NGexp10-260610-112701_pupil_anesthesia-260705-161427,stim_02,ok,,0.07092368975986622,-0.05418299206549618,0.9985734664764622,17.076112863141468,21.846363765437577,256.7974040886709
NGexp12,light,100,respiration_resp_bpm,NGexp12-260706-140202_pupil_anesthesia-260706-150055,stim_05,ok,,0.06983135443106538,-0.1452655122277411,1.0,6.926112031822285,16.808486417443362,63.42991939713362
NGexp12,deep,100,rr_variability_ms,NGexp12-260706-140202_pupil_anesthesia-260706-153452,stim_04,ok,,0.06925257835602223,0.2379831005552808,1.0,40.11732279344013,57.68875632665415,641.6452591409143
NGexp10,light,40,respiration_resp_bpm,NGexp10-260610-112701_pupil_anesthesia-260705-161427,stim_04,ok,,0.06875000132837054,0.4401171854675371,0.9985734664764622,6.193284004838424,15.242048778559273,167.26210121884048
NGexp10,light,40,hrv_sdnn_ms,NGexp10-260610-112701_pupil_anesthesia-260630-104745,stim_09,ok,,0.06778260853859956,-0.25420979814516853,1.0,0.1885126545888713,0.3750912663446607,2.8219046283433387
NGexp13,deep,100,hrv_sdnn_ms,NGexp13-260629-144155_pupil_anesthesia-260706-173532,stim_02,ok,,0.06776819652359378,0.0,1.0,0.1986571545122407,0.3597729776369582,2.3044968118484235
NGexp12,light,40,rr_variability_ms,NGexp12-260706-140202_pupil_anesthesia-260706-142109,stim_08,ok,,0.06551886175016716,0.017091539902026543,1.0,8.650906931603592,14.6262795279076,140.3389491757267
NGexp9,light,40,rr_variability_ms,NGexp9-260607-162633_pupil_anesthesia-260705-130101,stim_07,ok,,0.06493730664335362,-0.14557834346800946,1.0,26.67268214161016,44.76213770462959,278.362346969239
NGexp13,light,100,heart_rate_hr_bpm,NGexp13-260629-144155_pupil_anesthesia-260706-165443,stim_07,ok,,0.06362781057193907,-0.21536896412450662,1.0,0.6818859782519189,1.76460699964751,19.382749907654368
NGexp12,light,40,rr_variability_ms,NGexp12-260706-140202_pupil_anesthesia-260706-142109,stim_11,ok,,0.06272140418406708,-0.08847050526501465,1.0,9.183700978355748,14.736619154839207,141.81828092795297
NGexp13,deep,100,hrv_sdnn_ms,NGexp13-260629-144155_pupil_anesthesia-260706-173532,stim_01,ok,,0.0624213626541418,-0.0013497659993048148,1.0,0.233082156476496,0.3702057521747095,2.6744267924419263
NGexp10,light,40,eeg_rel_delta,NGexp10-260610-112701_pupil_anesthesia-260705-161427,stim_05,ok,,0.06168611165026385,0.5802111559452755,1.0,-0.0072344796888278,-0.4871704063158924,-0.957275307545606
NGexp13,light,40,heart_rate_hr_bpm,NGexp13-260629-144155_pupil_anesthesia-260706-165443,stim_09,ok,,0.06153960677471293,-0.26520418253311207,0.9985734664764622,0.7141527003145138,1.898957120446194,22.144075786301897
NGexp9,deep,100,pupil_diameter_mm,NGexp9-260607-162633_pupil_anesthesia-260630-162920,stim_04,ok,,0.06016661745451222,0.05771527935194548,1.0,14.990769286248332,28.92400203537365,238.7912271070036
NGexp10,deep,100,pupil_diameter_mm,NGexp10-260610-112701_pupil_anesthesia-260630-114842,stim_11,ok,,0.058027550626559586,-0.048657537552207274,0.9985734664764622,28.31345882170731,39.71792615566178,488.4776051836781
NGexp10,light,100,respiration_resp_bpm,NGexp10-260610-112701_pupil_anesthesia-260705-161427,stim_10,ok,,0.057657775013139734,0.02530742497618037,0.9985734664764622,7.385513409913552,17.312218119372684,14.14137614661081
NGexp9,deep,100,pupil_diameter_mm,NGexp9-260607-162633_pupil_anesthesia-260705-150656,stim_07,ok,,0.05760654891282887,-0.004829213590287071,0.9985734664764622,18.56616276633979,22.71203914475488,157.2280993937107
NGexp13,deep,100,rr_variability_ms,NGexp13-260629-144155_pupil_anesthesia-260629-161150,stim_04,ok,,0.05667859792050533,-0.37342402110002837,0.9985734664764622,87.95310311169533,123.1743808607818,1192.634846167999
NGexp9,deep,100,pupil_diameter_mm,NGexp9-260607-162633_pupil_anesthesia-260705-150656,stim_08,ok,,0.05636844419164665,-0.025552922201346966,1.0,16.962958544740093,27.81283211551863,263.7233660768834
NGexp10,deep,100,pupil_diameter_mm,NGexp10-260610-112701_pupil_anesthesia-260630-114842,stim_10,ok,,0.056337199441069984,-0.056113980898112384,0.9985734664764622,29.927763979265528,41.715701820357474,526.1435927297641
NGexp10,deep,100,pupil_diameter_mm,NGexp10-260610-112701_pupil_anesthesia-260705-165436,stim_06,ok,,0.05596549409997597,0.009558046388260459,0.9985734664764622,27.286129905933343,45.767917941170325,464.6024634631212
NGexp12,light,40,eeg_bsr,NGexp12-260706-140202_pupil_anesthesia-260706-142109,stim_10,ok,,0.05589911724418724,-0.4681123143225454,1.0,0.0,0.1938,1.703
NGexp10,light,100,hrv_sdnn_ms,NGexp10-260610-112701_pupil_anesthesia-260705-161427,stim_02,ok,,0.05532932727432264,-0.09126165153056327,0.9985734664764622,0.0942571671479142,0.3253548667143991,3.003564108706032
NGexp10,light,40,rr_variability_ms,NGexp10-260610-112701_pupil_anesthesia-260705-161427,stim_05,ok,,0.05237238533996999,0.017503543497427134,0.9985734664764622,16.991298090256286,25.44810287760152,265.4849430854724
NGexp9,light,100,respiration_resp_bpm,NGexp9-260607-162633_pupil_anesthesia-260630-152605,stim_10,ok,,0.04991240094382746,0.0,0.9985734664764622,10.925219706138126,22.28809765004556,97.08752873294186
NGexp10,light,100,respiration_resp_bpm,NGexp10-260610-112701_pupil_anesthesia-260705-161427,stim_02,ok,,0.04836699871627545,0.042419913324191004,0.9985734664764622,6.926596254963374,15.671943110624712,82.54681926152897
NGexp10,light,40,heart_rate_hr_bpm,NGexp10-260610-112701_pupil_anesthesia-260705-161427,stim_08,ok,,0.04470155915634022,-0.14859235693712197,1.0,0.4729058052955661,1.9908380315715333,28.70385217885553
NGexp9,deep,40,hrv_sdnn_ms,NGexp9-260607-162633_pupil_anesthesia-260705-150656,stim_10,ok,,0.04265379448403834,-0.027553851015493735,0.9985734664764622,0.352754849042257,0.5197140954084194,1.823519502441244
NGexp13,light,100,respiration_resp_bpm,NGexp13-260629-144155_pupil_anesthesia-260706-165443,stim_07,ok,,0.039025888664511225,-0.12736262980524907,1.0,14.686709712579097,31.034030634514327,241.7525957515988
NGexp12,light,100,rr_variability_ms,NGexp12-260706-140202_pupil_anesthesia-260706-142109,stim_03,ok,,0.03678526365607205,0.0,1.0,9.425617732092356,19.19328104590147,172.10988480192378
NGexp9,light,40,respiration_resp_bpm,NGexp9-260607-162633_pupil_anesthesia-260705-130101,stim_05,ok,,0.035755230057613205,0.0,0.9985734664764622,11.545305088687469,22.33512710648809,129.01346656659268
NGexp12,light,40,respiration_resp_bpm,NGexp12-260706-140202_pupil_anesthesia-260706-142109,stim_10,ok,,0.033975498867687956,-0.09780230141470893,0.9985734664764622,3.903654075955331,15.218201654276658,-35.88406473762255
NGexp10,deep,40,pupil_diameter_mm,NGexp10-260610-112701_pupil_anesthesia-260705-165436,stim_10,ok,,0.031038166839694282,0.08727049529626847,0.9985734664764622,27.908897238988963,44.99762635915232,248.1087664950461
NGexp13,light,100,rr_variability_ms,NGexp13-260629-144155_pupil_anesthesia-260706-165443,stim_07,ok,,0.030752104263871212,0.021293410838364165,1.0,31.723025674622424,41.29304014724893,425.6615930320514
NGexp13,light,40,pupil_diameter_mm,NGexp13-260629-144155_pupil_anesthesia-260706-165443,stim_09,ok,,0.030500476838206662,-0.036748049762556204,0.9985734664764622,38.60976687096381,62.69723070589186,1496.1992927111107
NGexp10,light,100,pupil_diameter_mm,NGexp10-260610-112701_pupil_anesthesia-260630-104745,stim_11,ok,,0.029746316164960974,-0.0919650522041716,1.0,15.73782764362812,30.718498453723736,268.52157426785647
NGexp13,deep,100,heart_rate_hr_bpm,NGexp13-260629-144155_pupil_anesthesia-260706-173532,stim_01,ok,,0.025058180862891966,0.0,1.0,0.1027357522972926,-1.1607827015888412,-5.610529784533196
NGexp13,deep,100,heart_rate_hr_bpm,NGexp13-260629-144155_pupil_anesthesia-260706-173532,stim_05,ok,,0.015156783434432651,-0.09899345357279306,0.9985734664764622,0.0699979557106734,-1.3200633185827175,-5.243378930089224
NGexp10,light,40,hrv_sdnn_ms,NGexp10-260610-112701_pupil_anesthesia-260630-104745,stim_06,ok,,0.013548510969331466,-0.19099201860771745,0.9985734664764622,0.1524407791583759,0.2859706671558634,1.4568022281248345
NGexp10,light,100,rr_variability_ms,NGexp10-260610-112701_pupil_anesthesia-260705-161427,stim_10,ok,,0.01314058120102182,0.0,0.9985734664764622,16.54290359801968,22.967601268571265,294.3027687877618
NGexp12,light,100,eeg_bsr,NGexp12-260706-140202_pupil_anesthesia-260706-150055,stim_08,ok,,0.01255666752336098,0.0,1.0,0.0028664186046511,0.396,1.3770581999999996
NGexp9,deep,100,hrv_sdnn_ms,NGexp9-260607-162633_pupil_anesthesia-260705-150656,stim_06,ok,,0.012309547540619104,2.2268930570490966,1.0,0.3179028647236035,1.4411859773897686,8.060054020557821
NGexp9,light,100,respiration_resp_bpm,NGexp9-260607-162633_pupil_anesthesia-260630-152605,stim_11,ok,,0.011536056430160252,-0.07462004343915658,0.9985734664764622,10.71628898399083,23.081451590374545,64.88486719078637
NGexp13,deep,100,pupil_diameter_mm,NGexp13-260629-144155_pupil_anesthesia-260706-173532,stim_05,ok,,0.007982644898471438,0.020907921915744917,0.9985734664764622,38.83270372192917,71.21802956322496,932.8817547693008
NGexp9,light,40,hrv_sdnn_ms,NGexp9-260607-162633_pupil_anesthesia-260705-130101,stim_05,ok,,0.007971314478801686,-0.05391662267434973,0.9985734664764622,1.1355571810488527,1.623172360684333,17.83606443788438
NGexp10,deep,40,respiration_resp_bpm,NGexp10-260610-112701_pupil_anesthesia-260705-165436,stim_10,ok,,0.0031061007434782972,0.09753250508325428,0.9985734664764622,24.683579616915505,42.53219785479985,382.78112822749824
NGexp10,deep,40,heart_rate_hr_bpm,NGexp10-260610-112701_pupil_anesthesia-260630-114842,stim_00,ok,,0.0,-0.5405579325302885,1.0,3.3135764545335444,7.283091794380766,155.6069531354598
NGexp10,light,100,eeg_bsr,NGexp10-260610-112701_pupil_anesthesia-260705-161427,stim_00,ok,,0.0,0.0,1.0,0.0,0.0,0.0
NGexp10,light,100,eeg_bsr,NGexp10-260610-112701_pupil_anesthesia-260705-161427,stim_01,ok,,0.0,0.0,1.0,0.0,0.0,0.0
NGexp10,light,100,eeg_bsr,NGexp10-260610-112701_pupil_anesthesia-260705-161427,stim_02,ok,,0.0,0.0,1.0,0.0,0.0,0.0
NGexp10,light,40,eeg_bsr,NGexp10-260610-112701_pupil_anesthesia-260705-161427,stim_04,ok,,0.0,0.0,1.0,0.0,0.0,0.0
NGexp10,light,40,eeg_bsr,NGexp10-260610-112701_pupil_anesthesia-260705-161427,stim_05,ok,,0.0,0.0,1.0,0.0,0.0,0.0
NGexp10,light,40,eeg_bsr,NGexp10-260610-112701_pupil_anesthesia-260705-161427,stim_06,ok,,0.0,0.0,1.0,0.0,0.0,0.0
NGexp10,light,100,eeg_bsr,NGexp10-260610-112701_pupil_anesthesia-260705-161427,stim_07,ok,,0.0,0.0,1.0,0.0,0.0,0.0
NGexp10,light,40,eeg_bsr,NGexp10-260610-112701_pupil_anesthesia-260705-161427,stim_08,ok,,0.0,0.0,1.0,0.0,0.0,0.0
NGexp10,light,40,pupil_diameter_mm,NGexp10-260610-112701_pupil_anesthesia-260705-161427,stim_08,ok,,0.0,0.31499177809986695,1.0,47.03805712700967,58.10831305486436,978.2288135386474
NGexp10,light,40,rr_variability_ms,NGexp10-260610-112701_pupil_anesthesia-260705-161427,stim_08,ok,,0.0,-0.14695528937724997,1.0,14.866168259801835,23.12784107549372,258.9454776795819
NGexp10,light,100,eeg_bsr,NGexp10-260610-112701_pupil_anesthesia-260705-161427,stim_09,ok,,0.0,0.0,1.0,0.0,0.0,0.0
NGexp10,light,100,eeg_bsr,NGexp10-260610-112701_pupil_anesthesia-260705-161427,stim_10,ok,,0.0,0.0,1.0,0.0,0.0,0.0
NGexp10,light,40,eeg_bsr,NGexp10-260610-112701_pupil_anesthesia-260705-161427,stim_11,ok,,0.0,0.0,1.0,0.0,0.0,0.0
NGexp10,deep,40,hrv_sdnn_ms,NGexp10-260610-112701_pupil_anesthesia-260705-165436,stim_03,ok,,0.0,-0.2979372399510589,0.9985734664764622,0.7324395991468547,1.531283668923516,5.7778448921861205
NGexp10,deep,40,eeg_bsr,NGexp10-260610-112701_pupil_anesthesia-260705-165436,stim_11,ok,,0.0,-0.8484679533491584,1.0,0.2801767441860466,0.5986,9.7192818
NGexp12,light,100,hrv_sdnn_ms,NGexp12-260706-140202_pupil_anesthesia-260706-150055,stim_08,ok,,0.0,-0.019000506437191735,0.9985734664764622,1.6027836120390684,1.908377711241068,18.81454209228634
NGexp12,deep,100,respiration_resp_bpm,NGexp12-260706-140202_pupil_anesthesia-260706-153452,stim_04,ok,,0.0,-0.3702366886331668,1.0,18.08981033107055,38.81991931190528,245.0722711679618
NGexp12,deep,100,pupil_diameter_mm,NGexp12-260706-140202_pupil_anesthesia-260706-153452,stim_05,ok,,0.0,0.0,0.9985734664764622,21.598240176389968,57.80205890761035,275.595071980633
NGexp13,light,40,eeg_bsr,NGexp13-260629-144155_pupil_anesthesia-260706-165443,stim_00,ok,,0.0,0.0,1.0,0.0,0.0,0.0
NGexp13,light,40,eeg_bsr,NGexp13-260629-144155_pupil_anesthesia-260706-165443,stim_04,ok,,0.0,0.0,1.0,0.0,0.0,0.0
NGexp13,light,40,eeg_bsr,NGexp13-260629-144155_pupil_anesthesia-260706-165443,stim_05,ok,,0.0,0.0,1.0,0.0,0.0,0.0
NGexp13,light,40,eeg_bsr,NGexp13-260629-144155_pupil_anesthesia-260706-165443,stim_06,ok,,0.0,0.0,1.0,0.0,0.0,0.0
NGexp13,light,40,eeg_bsr,NGexp13-260629-144155_pupil_anesthesia-260706-165443,stim_09,ok,,0.0,0.0,1.0,0.0,0.0,0.0
NGexp13,light,40,eeg_bsr,NGexp13-260629-144155_pupil_anesthesia-260706-165443,stim_11,ok,,0.0,0.0,1.0,0.0,0.0,0.0
NGexp13,light,40,rr_variability_ms,NGexp13-260629-144155_pupil_anesthesia-260706-165443,stim_11,ok,,0.0,0.10414799863642621,1.0,39.4450925087574,50.94461854633681,506.13677441677385
NGexp9,light,40,eeg_bsr,NGexp9-260607-162633_pupil_anesthesia-260630-152605,stim_00,ok,,0.0,0.0,1.0,0.0,0.0,0.0
NGexp9,light,100,eeg_bsr,NGexp9-260607-162633_pupil_anesthesia-260630-152605,stim_04,ok,,0.0,0.0,1.0,0.0,0.0,0.0
NGexp9,light,40,eeg_bsr,NGexp9-260607-162633_pupil_anesthesia-260630-152605,stim_08,ok,,0.0,0.0,1.0,0.0,0.0,0.0
NGexp9,light,100,eeg_bsr,NGexp9-260607-162633_pupil_anesthesia-260630-152605,stim_10,ok,,0.0,0.0,1.0,0.0,0.0,0.0
NGexp9,light,100,eeg_bsr,NGexp9-260607-162633_pupil_anesthesia-260630-152605,stim_11,ok,,0.0,0.0,1.0,0.0,0.0,0.0
NGexp9,deep,100,respiration_resp_bpm,NGexp9-260607-162633_pupil_anesthesia-260630-162920,stim_09,ok,,0.0,0.13738041760889108,1.0,22.804892937224224,44.6159378010827,267.0313049952287
NGexp9,light,40,eeg_bsr,NGexp9-260607-162633_pupil_anesthesia-260705-130101,stim_00,ok,,0.0,1.9343679488198433,1.0,0.0,0.0,0.0
NGexp9,light,100,eeg_bsr,NGexp9-260607-162633_pupil_anesthesia-260705-130101,stim_01,ok,,0.0,0.0,1.0,0.0,0.0,0.0
NGexp9,light,40,eeg_bsr,NGexp9-260607-162633_pupil_anesthesia-260705-130101,stim_03,ok,,0.0,0.0,1.0,0.0,0.0,0.0
NGexp9,light,40,eeg_bsr,NGexp9-260607-162633_pupil_anesthesia-260705-130101,stim_04,ok,,0.0,0.0,1.0,0.0,0.0,0.0
NGexp9,light,40,eeg_bsr,NGexp9-260607-162633_pupil_anesthesia-260705-130101,stim_05,ok,,0.0,0.0,1.0,0.0,0.0,0.0
NGexp9,light,100,eeg_bsr,NGexp9-260607-162633_pupil_anesthesia-260705-130101,stim_06,ok,,0.0,0.0,1.0,0.0,0.0,0.0
NGexp9,light,40,eeg_bsr,NGexp9-260607-162633_pupil_anesthesia-260705-130101,stim_07,ok,,0.0,0.0,1.0,0.0,0.0,0.0
NGexp9,light,100,eeg_bsr,NGexp9-260607-162633_pupil_anesthesia-260705-130101,stim_08,ok,,0.0,0.0,1.0,0.0,0.0,0.0
NGexp9,light,100,eeg_rel_delta,NGexp9-260607-162633_pupil_anesthesia-260705-130101,stim_08,ok,,0.0,-1.1326907031352418,1.0,-0.0139020749812509,0.4038603290619411,0.1550077587522628
NGexp9,light,100,eeg_bsr,NGexp9-260607-162633_pupil_anesthesia-260705-130101,stim_09,ok,,0.0,0.0,1.0,0.0,0.0,0.0
NGexp9,light,100,eeg_bsr,NGexp9-260607-162633_pupil_anesthesia-260705-130101,stim_10,ok,,0.0,0.0,1.0,0.0,0.0,0.0
NGexp9,light,100,eeg_bsr,NGexp9-260607-162633_pupil_anesthesia-260705-130101,stim_11,ok,,0.0,0.0,1.0,0.0,0.0,0.0
